timestamp,heading,position_x,position_y
1525.00,11.80,1276.00,1636.00
1525.10,11.80,1276.00,1636.00
1525.20,11.80,1276.00,1629.00
1525.30,11.80,1276.00,1629.00
1525.40,11.80,1276.00,1629.00
1525.50,11.80,1276.00,1636.00
1525.60,11.80,1276.00,1636.00
1525.70,11.80,1276.00,1636.00
1525.80,11.80,1276.00,1636.00
1525.90,11.80,1276.00,1636.00
1526.00,11.80,1276.00,1636.00
1526.10,11.80,1276.00,1636.00
1526.20,11.50,1276.00,1636.00
1526.30,11.50,1276.00,1652.00
1526.40,11.50,1274.00,1652.00
1526.50,11.50,1274.00,1652.00
1526.60,11.50,1267.00,1941.00
1526.70,11.50,1267.00,1941.00
1526.80,11.50,1267.00,1941.00
1526.90,11.50,1264.00,1898.00
1527.00,11.50,1264.00,1898.00
1527.10,11.50,1264.00,1898.00
1527.20,11.80,1273.00,1954.00
1527.30,11.80,1273.00,1954.00
1527.40,11.80,1273.00,2014.00
1527.50,11.80,3809.00,2014.00
1527.60,11.80,3809.00,2014.00
1527.70,11.80,3809.00,1957.00
1527.80,11.80,1797.00,1957.00
1527.90,11.80,1797.00,1957.00
1528.00,11.80,5201.00,2008.00
1528.10,11.80,5201.00,2008.00
1528.20,11.80,5201.00,2008.00
1528.30,11.80,3661.00,2063.00
1528.40,11.80,3661.00,2063.00
1528.50,11.80,3661.00,2063.00
1528.60,11.80,5201.00,2124.00
1528.70,11.80,5201.00,2124.00
1528.80,11.80,5201.00,2296.00
1528.90,11.80,5201.00,2296.00
1529.00,11.80,5201.00,2296.00
1529.10,11.80,5201.00,5201.00
1529.20,11.60,5201.00,5201.00
1529.30,11.60,5201.00,5201.00
1529.40,11.60,5201.00,5201.00
1529.50,11.60,5201.00,5201.00
1529.60,11.60,5201.00,5201.00
1529.70,11.60,5201.00,5201.00
1529.80,11.60,5201.00,5201.00
1529.90,11.60,5201.00,5201.00
1530.00,11.60,1891.00,5201.00
1530.10,11.60,1891.00,5201.00
1530.20,11.80,1891.00,5201.00
1530.30,11.80,1140.00,5201.00
1530.40,11.80,1140.00,5201.00
1530.50,11.80,1140.00,5201.00
1530.60,11.80,1140.00,5201.00
1530.70,11.80,1140.00,5201.00
1530.80,11.80,1140.00,5201.00
1530.90,11.80,1140.00,5201.00
1531.00,11.80,1140.00,5201.00
1531.10,11.80,1143.00,5201.00
1531.20,11.80,1143.00,5201.00
1531.30,11.80,1143.00,5201.00
1887.50,12.70,3303.00,3043.00
1887.60,12.70,3303.00,3046.00
1887.70,12.70,3307.00,3046.00
1887.80,12.70,3307.00,3046.00
1887.90,12.60,3307.00,3049.00
1888.00,12.60,3317.00,3049.00
1888.10,12.60,3317.00,3049.00
1888.20,12.60,3307.00,3046.00
1888.30,12.60,3307.00,3046.00
1888.40,12.60,3307.00,3046.00
1888.50,12.60,3303.00,3043.00
1888.60,12.60,3303.00,3043.00
1888.70,12.60,3303.00,3043.00
1888.80,12.60,3306.00,3015.00
1888.90,12.60,3306.00,3015.00
1889.00,12.60,3306.00,3080.00
1889.10,12.60,3289.00,3080.00
1889.20,12.60,3289.00,3080.00
1889.30,12.60,3289.00,3106.00
1889.40,12.60,1932.00,3106.00
1889.50,12.60,1932.00,3106.00
1889.60,12.60,1917.00,3171.00
1889.70,12.60,1917.00,3171.00
1889.80,12.60,1917.00,3171.00
1889.90,12.60,1909.00,3216.00
1890.00,12.60,1909.00,3216.00
1890.10,12.60,1909.00,3216.00
1890.20,12.60,1900.00,3135.00
1890.30,12.60,1900.00,3135.00
1890.40,12.60,1900.00,3276.00
1890.50,12.60,1895.00,3276.00
1890.60,12.60,1895.00,3276.00
1890.70,12.60,1895.00,3302.00
1890.80,12.60,1902.00,3302.00
1890.90,12.40,1902.00,3302.00
1891.00,12.40,1901.00,3345.00
1891.10,12.40,1901.00,3345.00
1891.20,12.40,1901.00,3345.00
1891.30,12.40,1900.00,3358.00
1891.40,12.40,1900.00,3358.00
1891.50,12.40,1900.00,3358.00
1891.60,12.40,1900.00,3363.00
1891.70,12.40,1900.00,3363.00
1891.80,12.40,1900.00,3363.00
1891.90,12.70,1897.00,3363.00
1892.00,12.70,1897.00,3363.00
1892.10,12.70,1897.00,3353.00
1892.20,12.70,1900.00,3353.00
1892.30,12.70,1900.00,3353.00
1684.20,12.60,1035.00,2923.00
1684.30,12.60,1035.00,2923.00
1684.40,12.60,1032.00,2905.00
1684.50,12.60,1032.00,2905.00
1684.60,12.60,1032.00,2883.00
1684.70,12.60,1035.00,2883.00
1684.80,12.60,1035.00,2883.00
1684.90,12.70,1035.00,2930.00
1685.00,12.70,1039.00,2930.00
1685.10,12.70,1039.00,2930.00
1685.20,12.70,1035.00,2940.00
1685.30,12.70,1035.00,2940.00
1685.40,12.70,1035.00,2940.00
1685.50,12.70,1042.00,2928.00
1685.60,12.70,1042.00,2928.00
1685.70,12.70,1042.00,2928.00
1685.80,12.70,1039.00,5201.00
1685.90,12.40,1039.00,5201.00
1686.00,12.40,1039.00,2924.00
1686.10,12.40,1031.00,2924.00
1686.20,12.40,1031.00,2924.00
1686.30,12.40,1031.00,2817.00
1686.40,12.40,1023.00,2817.00
1686.50,12.40,1023.00,2817.00
1686.60,12.40,1014.00,2782.00
1686.70,12.40,1014.00,2782.00
1686.80,12.40,1014.00,2782.00
1686.90,12.70,726.00,2581.00
1687.00,12.70,726.00,2581.00
1687.10,12.70,726.00,2581.00
1687.20,12.70,702.00,2543.00
1687.30,12.70,702.00,2543.00
1687.40,12.70,702.00,2506.00
1687.50,12.70,696.00,2506.00
1687.60,12.70,696.00,2506.00
1687.70,12.70,696.00,2478.00
1687.80,12.70,693.00,2478.00
1687.90,12.40,693.00,2478.00
1688.00,12.40,691.00,2611.00
1688.10,12.40,691.00,2611.00
1688.20,12.40,691.00,2611.00
1688.30,12.40,692.00,2412.00
1688.40,12.40,692.00,2412.00
1688.50,12.40,692.00,2412.00
1688.60,12.40,694.00,2375.00
1688.70,12.40,694.00,2375.00
1688.80,12.40,694.00,2340.00
1688.90,12.50,697.00,2340.00
1689.00,12.50,697.00,2340.00
1689.10,12.50,697.00,2319.00
1689.20,12.50,699.00,2319.00
1689.30,12.50,699.00,2319.00
1689.40,12.50,701.00,2317.00
1689.50,12.50,701.00,2317.00
1689.60,12.50,701.00,2317.00
1689.70,12.50,701.00,2321.00
1689.80,12.50,701.00,2321.00
1689.90,12.20,701.00,2321.00
1690.00,12.20,701.00,2320.00
1690.10,12.20,701.00,2320.00
1690.20,12.20,701.00,2320.00
1690.30,12.20,699.00,2320.00
1690.40,12.20,699.00,2320.00
1690.50,12.20,699.00,2324.00
2032.00,11.80,5201.00,5201.00
2032.10,11.80,5201.00,5201.00
2032.20,11.80,5201.00,5201.00
2032.30,11.80,5201.00,5201.00
2032.40,11.80,5201.00,5201.00
2032.50,11.80,5201.00,5201.00
2032.60,11.80,5201.00,5201.00
2032.70,11.80,5201.00,5201.00
2032.80,11.80,5201.00,5201.00
2032.90,11.70,5201.00,5201.00
2033.00,11.70,5201.00,5201.00
2033.10,11.70,5201.00,5201.00
2033.20,11.70,5201.00,5201.00
2033.30,11.70,5201.00,5201.00
2033.40,11.70,5201.00,2929.00
2033.50,11.70,5201.00,2929.00
2033.60,11.70,5201.00,2929.00
2033.70,11.70,3149.00,5201.00
2033.80,11.70,3149.00,5201.00
2033.90,11.60,3149.00,5201.00
2034.00,11.60,5201.00,5201.00
2034.10,11.60,5201.00,5201.00
2034.20,11.60,5201.00,5201.00
2034.30,11.60,5201.00,5201.00
2034.40,11.60,5201.00,5201.00
2034.50,11.60,3321.00,3531.00
2034.60,11.60,3321.00,3531.00
2034.70,11.60,3321.00,3531.00
2034.80,11.60,3089.00,696.00
2034.90,11.60,3089.00,696.00
2035.00,11.60,3089.00,696.00
2035.10,11.60,2461.00,665.00
2035.20,11.60,2461.00,665.00
2035.30,11.60,2461.00,638.00
2035.40,11.60,2698.00,638.00
2035.50,11.60,2698.00,638.00
2035.60,11.60,2698.00,611.00
2035.70,11.60,2309.00,611.00
2035.80,11.60,2309.00,611.00
2035.90,11.60,2324.00,586.00
2036.00,11.60,2324.00,586.00
2036.10,11.60,2324.00,586.00
2036.20,11.60,2324.00,564.00
2036.30,11.60,2324.00,564.00
2036.40,11.60,2324.00,564.00
2036.50,11.60,2304.00,539.00
2036.60,11.60,2304.00,539.00
2036.70,11.60,2304.00,518.00
2036.80,11.60,2304.00,518.00
2036.90,11.60,2304.00,518.00
2037.00,11.60,2304.00,508.00
2037.10,11.60,2308.00,508.00
2037.20,11.60,2308.00,508.00
2037.30,11.60,2308.00,508.00
2037.40,11.60,2308.00,508.00
2037.50,11.60,2308.00,508.00
2037.60,11.60,2311.00,506.00
2037.70,11.60,2311.00,506.00
2037.80,11.60,2311.00,506.00
2037.90,11.80,2304.00,506.00
2038.00,11.80,2304.00,506.00
2038.10,11.80,2304.00,509.00
2038.20,11.80,2311.00,509.00
2038.30,11.80,2311.00,509.00
2038.40,11.80,2311.00,508.00
1859.00,12.70,889.00,2556.00
1859.10,12.70,889.00,2548.00
1859.20,12.70,889.00,2548.00
1859.30,12.70,889.00,2548.00
1859.40,12.70,889.00,2545.00
1859.50,12.70,889.00,2545.00
1859.60,12.70,889.00,2548.00
1859.70,12.70,890.00,2548.00
1859.80,12.70,890.00,2548.00
1859.90,12.70,890.00,2538.00
1860.00,12.70,889.00,2538.00
1860.10,12.70,889.00,2538.00
1860.20,12.70,889.00,2560.00
1860.30,12.70,889.00,2560.00
1860.40,12.70,889.00,2560.00
1860.50,12.70,884.00,2518.00
1860.60,12.70,884.00,2518.00
1860.70,12.70,884.00,2518.00
1860.80,12.70,885.00,2582.00
1860.90,12.60,885.00,2582.00
1861.00,12.60,885.00,2624.00
1861.10,12.60,823.00,2624.00
1861.20,12.60,823.00,2624.00
1861.30,12.60,823.00,766.00
1861.40,12.60,923.00,766.00
1861.50,12.60,923.00,766.00
1861.60,12.60,955.00,833.00
1861.70,12.60,955.00,833.00
1861.80,12.60,955.00,833.00
1861.90,12.60,2772.00,1206.00
1862.00,12.60,2772.00,1206.00
1862.10,12.60,2772.00,1206.00
1862.20,12.60,1945.00,2285.00
1862.30,12.60,1945.00,2285.00
1862.40,12.60,1945.00,2349.00
1862.50,12.60,2926.00,2349.00
1862.60,12.60,2926.00,2349.00
1862.70,12.60,2926.00,1883.00
1862.80,12.60,1915.00,1883.00
1862.90,12.70,1915.00,1883.00
1863.00,12.70,1886.00,2526.00
1863.10,12.70,1886.00,2526.00
1863.20,12.70,1886.00,2526.00
1863.30,12.70,1906.00,3188.00
1863.40,12.70,1906.00,3188.00
1863.50,12.70,1906.00,3188.00
1863.60,12.70,1888.00,1502.00
1863.70,12.70,1888.00,1502.00
1863.80,12.70,1888.00,3310.00
1863.90,12.30,1889.00,3310.00
1864.00,12.30,1889.00,3310.00
1864.10,12.30,1889.00,2722.00
1864.20,12.30,1899.00,2722.00
1864.30,12.30,1899.00,2722.00
1864.40,12.30,1894.00,2332.00
1864.50,12.30,1894.00,2332.00
1864.60,12.30,1894.00,2332.00
1864.70,12.30,1895.00,2265.00
1864.80,12.30,1895.00,2265.00
1864.90,12.70,1895.00,2265.00
1865.00,12.70,1897.00,2296.00
1865.10,12.70,1897.00,2296.00
1865.20,12.70,1897.00,2285.00
1865.30,12.70,1897.00,2285.00
2875.90,11.50,5201.00,2078.00
2876.00,11.50,5201.00,2078.00
2876.10,11.50,5201.00,2078.00
2876.20,11.50,5201.00,2148.00
2876.30,11.50,5201.00,2148.00
2876.40,11.50,5201.00,2148.00
2876.50,11.50,5201.00,2148.00
2876.60,11.80,5201.00,2148.00
2876.70,11.80,5201.00,2145.00
2876.80,11.80,5201.00,2145.00
2876.90,11.80,5201.00,2145.00
2877.00,11.80,3528.00,2144.00
2877.10,11.80,3528.00,2144.00
2877.20,11.80,3528.00,2144.00
2877.30,11.80,2491.00,2124.00
2877.40,11.80,2491.00,2124.00
2877.50,11.80,2491.00,2124.00
2877.60,11.40,1502.00,2078.00
2877.70,11.40,1502.00,2078.00
2877.80,11.40,1502.00,2034.00
2877.90,11.40,1384.00,2034.00
2878.00,11.40,1384.00,2034.00
2878.10,11.40,1384.00,1974.00
2878.20,11.40,1393.00,1974.00
2878.30,11.40,1393.00,1974.00
2878.40,11.40,1413.00,1024.00
2878.50,11.40,1413.00,1024.00
2878.60,11.50,1413.00,1024.00
2878.70,11.50,5201.00,209.00
2878.80,11.50,5201.00,209.00
2878.90,11.50,5201.00,209.00
2879.00,11.50,1577.00,1551.00
2879.10,11.50,1577.00,1551.00
2879.20,11.50,1577.00,1532.00
2879.30,11.50,2161.00,1532.00
2879.40,11.50,2161.00,1532.00
2879.50,11.50,2161.00,670.00
2879.60,11.70,2125.00,670.00
2879.70,11.70,2125.00,670.00
2879.80,11.70,5201.00,688.00
2879.90,11.70,5201.00,688.00
2880.00,11.70,5201.00,688.00
2880.10,11.70,5201.00,1588.00
2880.20,11.70,5201.00,1588.00
2880.30,11.70,5201.00,1588.00
2880.40,11.70,5201.00,217.00
2880.50,11.70,5201.00,217.00
2880.60,11.70,5201.00,216.00
2880.70,11.70,5201.00,216.00
2880.80,11.70,5201.00,216.00
2880.90,11.70,5201.00,213.00
2881.00,11.70,5201.00,213.00
2881.10,11.70,5201.00,213.00
2881.20,11.70,5201.00,220.00
2881.30,11.70,5201.00,220.00
2881.40,11.70,5201.00,220.00
2881.50,11.70,5201.00,213.00
2881.60,11.50,5201.00,213.00
2881.70,11.50,5201.00,213.00
2881.80,11.50,5201.00,213.00
2881.90,11.50,5201.00,213.00
2882.00,11.50,5201.00,217.00
2882.10,11.50,5201.00,217.00
2882.20,11.50,5201.00,217.00
2882.30,11.50,5201.00,217.00
438.30,12.70,3792.00,5201.00
438.40,12.70,3792.00,5201.00
438.50,12.70,3792.00,5201.00
438.60,12.70,3792.00,5201.00
438.70,12.70,3793.00,5201.00
438.80,12.70,3793.00,5201.00
438.90,12.70,3792.00,5201.00
439.00,12.70,3792.00,5201.00
439.10,12.40,3793.00,5201.00
439.20,12.40,3793.00,5201.00
439.30,12.40,3793.00,5201.00
439.40,12.40,3793.00,5201.00
439.50,12.40,3045.00,5201.00
439.60,12.40,3045.00,5201.00
439.70,12.40,3792.00,5201.00
439.80,12.40,3792.00,5201.00
439.90,12.40,3792.00,5201.00
440.00,12.40,3792.00,5201.00
440.10,12.40,3792.00,5201.00
440.20,12.40,3792.00,5201.00
440.30,12.40,3795.00,5201.00
440.40,12.40,3795.00,5201.00
440.50,12.40,3790.00,5201.00
440.60,12.40,3790.00,5201.00
440.70,12.40,3790.00,5201.00
440.80,12.40,3790.00,5201.00
440.90,12.40,3787.00,5201.00
441.00,12.40,3787.00,5201.00
441.10,12.40,3787.00,5201.00
441.20,12.40,3787.00,5201.00
441.30,12.40,3787.00,5201.00
441.40,12.40,3787.00,5201.00
441.50,12.40,3787.00,5201.00
441.60,12.40,3787.00,5201.00
441.70,12.40,2154.00,5201.00
441.80,12.40,2154.00,5201.00
441.90,12.40,2150.00,5201.00
442.00,12.40,2150.00,5201.00
442.10,12.30,2150.00,5201.00
442.20,12.30,2150.00,5201.00
442.30,12.30,2138.00,5201.00
442.40,12.30,2138.00,5201.00
442.50,12.30,2127.00,5201.00
442.60,12.30,2127.00,5201.00
442.70,12.30,2127.00,5201.00
442.80,12.30,2127.00,5201.00
442.90,12.30,2127.00,5201.00
443.00,12.30,2127.00,5201.00
443.10,12.40,2107.00,5201.00
443.20,12.40,2107.00,5201.00
443.30,12.40,2101.00,5201.00
443.40,12.40,2101.00,5201.00
443.50,12.40,2101.00,5201.00
443.60,12.40,2101.00,5201.00
443.70,12.40,2097.00,5201.00
443.80,12.40,2097.00,5201.00
443.90,12.40,2106.00,5201.00
444.00,12.40,2106.00,5201.00
444.10,12.40,2106.00,5201.00
444.20,12.40,2106.00,5201.00
444.30,12.40,2106.00,5201.00
444.40,12.40,2106.00,5201.00
444.50,12.40,2108.00,2706.00
444.60,12.40,2108.00,2706.00
444.70,12.40,2120.00,2691.00
444.80,12.40,2120.00,2691.00
444.90,12.40,2120.00,2691.00
445.00,12.40,2120.00,2691.00
445.10,12.30,2112.00,2698.00
445.20,12.30,2112.00,2698.00
445.30,12.30,2112.00,2698.00
445.40,12.30,2112.00,2698.00
445.50,12.30,2112.00,2698.00
445.60,12.30,2113.00,2698.00
445.70,12.30,2113.00,2698.00
445.80,12.30,2124.00,2709.00
445.90,12.30,2124.00,2709.00
446.00,12.30,2124.00,2709.00
446.10,12.70,2116.00,2716.00
564.20,12.70,1099.00,5201.00
564.30,12.70,1099.00,1954.00
564.40,12.70,1099.00,1954.00
564.50,12.70,1099.00,1954.00
564.60,12.70,1099.00,1930.00
564.70,12.70,1099.00,1930.00
564.80,12.70,1099.00,1930.00
564.90,12.70,1099.00,1880.00
565.00,12.70,1099.00,1880.00
565.10,12.70,1099.00,1880.00
565.20,12.70,1103.00,1901.00
565.30,12.70,1103.00,1901.00
565.40,12.70,1103.00,1901.00
565.50,12.70,1103.00,1888.00
565.60,12.70,1103.00,1888.00
565.70,12.70,1103.00,1859.00
565.80,12.70,1107.00,1859.00
565.90,12.70,1107.00,1859.00
566.00,12.30,1107.00,2994.00
566.10,12.30,1114.00,2994.00
566.20,12.30,1114.00,2994.00
566.30,12.30,1118.00,1721.00
566.40,12.30,1118.00,1721.00
566.50,12.30,1118.00,1721.00
566.60,12.30,1127.00,1658.00
566.70,12.30,1127.00,1658.00
566.80,12.30,1127.00,1658.00
566.90,12.30,1127.00,1658.00
567.00,12.30,1127.00,1658.00
567.10,12.30,1127.00,1658.00
567.20,12.50,814.00,1658.00
567.30,12.50,814.00,1658.00
567.40,12.50,814.00,2693.00
567.50,12.50,819.00,2693.00
567.60,12.50,819.00,2693.00
567.70,12.50,828.00,2664.00
567.80,12.50,828.00,2664.00
567.90,12.50,828.00,2664.00
568.00,12.50,863.00,5201.00
568.10,12.50,863.00,5201.00
568.20,12.50,863.00,5201.00
568.30,12.50,1234.00,5201.00
568.40,12.50,1234.00,5201.00
568.50,12.50,1234.00,3751.00
568.60,12.50,724.00,3751.00
568.70,12.50,724.00,3751.00
568.80,12.50,724.00,5201.00
568.90,12.50,723.00,5201.00
569.00,12.50,723.00,5201.00
569.10,12.50,720.00,3663.00
569.20,12.50,720.00,3663.00
569.30,12.50,720.00,3663.00
569.40,12.50,728.00,3670.00
569.50,12.50,728.00,3670.00
569.60,12.50,728.00,3670.00
569.70,12.50,728.00,3680.00
569.80,12.50,728.00,3680.00
569.90,12.50,728.00,5201.00
570.00,12.70,728.00,5201.00
2131.40,12.70,1092.00,1216.00
2131.50,12.70,1092.00,1216.00
2131.60,12.70,1092.00,1216.00
2131.70,12.70,1092.00,1216.00
2131.80,12.70,1092.00,1216.00
2131.90,12.70,1092.00,1216.00
2132.00,12.70,1092.00,1216.00
2132.10,12.70,1092.00,1216.00
2132.20,12.70,1092.00,1216.00
2132.30,12.70,1092.00,1216.00
2132.40,12.70,1092.00,1216.00
2132.50,12.70,1091.00,1216.00
2132.60,12.70,1091.00,1216.00
2132.70,12.70,1091.00,1216.00
2132.80,12.70,1092.00,1208.00
2132.90,12.70,1092.00,1208.00
2133.00,12.70,1092.00,1208.00
2133.10,12.70,1096.00,1161.00
2133.20,12.40,1096.00,1161.00
2133.30,12.40,1096.00,1099.00
2133.40,12.40,1104.00,1099.00
2133.50,12.40,1104.00,1099.00
2133.60,12.40,1104.00,1044.00
2133.70,12.40,1119.00,1044.00
2133.80,12.40,1119.00,1044.00
2133.90,12.40,1402.00,993.00
2134.00,12.40,1402.00,993.00
2134.10,12.40,1402.00,993.00
2134.20,12.40,1406.00,944.00
2134.30,12.40,1406.00,944.00
2134.40,12.40,1406.00,944.00
2134.50,12.40,1438.00,1910.00
2134.60,12.40,1438.00,1910.00
2134.70,12.40,1438.00,691.00
2134.80,12.40,1480.00,691.00
2134.90,12.40,1480.00,691.00
2135.00,12.40,1480.00,622.00
2135.10,12.40,1486.00,622.00
2135.20,12.40,1486.00,622.00
2135.30,12.40,1502.00,574.00
2135.40,12.40,1502.00,574.00
2135.50,12.40,1502.00,574.00
2135.60,12.40,1524.00,2168.00
2135.70,12.40,1524.00,2168.00
2135.80,12.40,1524.00,2168.00
2135.90,12.40,1779.00,1730.00
2136.00,12.40,1779.00,1730.00
2136.10,12.40,1779.00,1659.00
2136.20,12.40,1779.00,1659.00
2136.30,12.40,1779.00,1659.00
2136.40,12.70,1779.00,1803.00
2136.50,12.70,2277.00,1803.00
2136.60,12.70,2277.00,1803.00
2136.70,12.70,816.00,1568.00
2136.80,12.70,816.00,1568.00
2136.90,12.70,816.00,1568.00
2137.00,12.70,816.00,1572.00
2137.10,12.70,816.00,1572.00
2137.20,12.70,816.00,1572.00
2137.30,12.70,812.00,1573.00
2137.40,12.70,812.00,1573.00
2137.50,12.70,812.00,1569.00
2137.60,12.70,815.00,1569.00
2137.70,12.70,815.00,1569.00
513.00,12.70,2109.00,2709.00
513.10,12.70,2109.00,2709.00
513.20,12.70,2109.00,2709.00
513.30,12.70,2109.00,2702.00
513.40,12.70,2109.00,2702.00
513.50,12.70,2109.00,2702.00
513.60,12.70,2110.00,2712.00
513.70,12.70,2110.00,2712.00
513.80,12.70,2110.00,2716.00
513.90,12.70,2112.00,2716.00
514.00,12.40,2112.00,2716.00
514.10,12.40,2112.00,2716.00
514.20,12.40,2113.00,2716.00
514.30,12.40,2113.00,2716.00
514.40,12.40,1350.00,2755.00
514.50,12.40,1350.00,2755.00
514.60,12.40,1350.00,2755.00
514.70,12.40,1348.00,2612.00
514.80,12.40,1348.00,2612.00
514.90,12.40,1348.00,2612.00
515.00,12.40,2134.00,2049.00
515.10,12.40,2134.00,2049.00
515.20,12.40,2134.00,2416.00
515.30,12.40,5201.00,2416.00
515.40,12.40,5201.00,2416.00
515.50,12.40,5201.00,1919.00
515.60,12.40,5201.00,1919.00
515.70,12.40,5201.00,1919.00
515.80,12.40,1555.00,1862.00
515.90,12.40,1555.00,1862.00
516.00,12.30,1555.00,1862.00
516.10,12.30,1538.00,1806.00
516.20,12.30,1538.00,1806.00
516.30,12.30,1538.00,1806.00
516.40,12.30,1613.00,1783.00
516.50,12.30,1613.00,1783.00
516.60,12.30,1613.00,1781.00
516.70,12.30,5201.00,1781.00
516.80,12.30,5201.00,1781.00
516.90,12.30,5201.00,1783.00
517.00,12.40,5201.00,1783.00
517.10,12.40,5201.00,1783.00
517.20,12.40,5201.00,1786.00
517.30,12.40,5201.00,1786.00
517.40,12.40,5201.00,1786.00
517.50,12.40,5201.00,1789.00
517.60,12.40,5201.00,1789.00
517.70,12.40,5201.00,1789.00
517.80,12.40,5201.00,1786.00
517.90,12.40,5201.00,1786.00
518.00,12.70,5201.00,1786.00
518.10,12.70,5201.00,1786.00
518.20,12.70,5201.00,1786.00
518.30,12.70,5201.00,1786.00
552.60,12.70,5201.00,1792.00
552.70,12.70,5201.00,1792.00
552.80,12.70,5201.00,1788.00
552.90,12.70,5201.00,1788.00
553.00,12.40,5201.00,1786.00
553.10,12.40,5201.00,1786.00
553.20,12.40,5201.00,1786.00
553.30,12.40,5201.00,1789.00
553.40,12.40,5201.00,1789.00
553.50,12.40,5201.00,1789.00
553.60,12.40,5201.00,1789.00
553.70,12.40,5201.00,1789.00
553.80,12.40,5201.00,1789.00
553.90,12.40,5201.00,1793.00
554.00,12.30,5201.00,1793.00
554.10,12.30,5201.00,1793.00
554.20,12.30,5201.00,5201.00
554.30,12.30,5201.00,5201.00
554.40,12.30,5201.00,5201.00
554.50,12.30,5201.00,5201.00
554.60,12.30,5201.00,5201.00
554.70,12.30,5201.00,5201.00
554.80,12.30,5201.00,5201.00
554.90,12.30,5201.00,5201.00
555.00,12.40,5201.00,5201.00
555.10,12.40,5201.00,5201.00
555.20,12.40,5201.00,5201.00
555.30,12.40,5201.00,5201.00
555.40,12.40,5201.00,5201.00
555.50,12.40,5201.00,5201.00
555.60,12.40,5201.00,5201.00
555.70,12.40,5201.00,5201.00
555.80,12.40,5201.00,3678.00
555.90,12.40,5201.00,3678.00
556.00,12.40,5201.00,3678.00
556.10,12.40,5201.00,5201.00
556.20,12.40,1825.00,5201.00
556.30,12.40,1825.00,5201.00
556.40,12.40,1790.00,5201.00
556.50,12.40,1790.00,5201.00
556.60,12.40,1790.00,5201.00
556.70,12.40,1783.00,5201.00
556.80,12.40,1783.00,5201.00
556.90,12.40,1783.00,5201.00
557.00,12.40,1782.00,5201.00
557.10,12.40,1782.00,5201.00
557.20,12.40,1782.00,5201.00
557.30,12.40,1777.00,5201.00
557.40,12.40,1777.00,5201.00
557.50,12.40,1777.00,5201.00
557.60,12.40,1777.00,5201.00
557.70,12.40,1777.00,5201.00
557.80,12.40,1779.00,5201.00
557.90,12.40,1779.00,5201.00
558.00,12.70,1779.00,5201.00
558.10,12.70,1779.00,5201.00
558.20,12.70,1779.00,5201.00
558.30,12.70,1779.00,5201.00
558.40,12.70,1777.00,5201.00
798.90,12.30,5201.00,1908.00
799.00,12.30,5201.00,1911.00
799.10,12.30,5201.00,1911.00
799.20,12.30,5201.00,1911.00
799.30,12.30,5201.00,1911.00
799.40,12.30,5201.00,1911.00
799.50,12.30,5201.00,1911.00
799.60,12.30,5201.00,1911.00
799.70,12.30,5201.00,1911.00
799.80,12.60,5201.00,1904.00
799.90,12.60,5201.00,1904.00
800.00,12.60,5201.00,1911.00
800.10,12.60,5201.00,1911.00
800.20,12.60,5201.00,1911.00
800.30,12.60,3087.00,1879.00
800.40,12.60,3087.00,1879.00
800.50,12.60,3087.00,1795.00
800.60,12.60,1651.00,1795.00
800.70,12.40,1651.00,1795.00
800.80,12.40,1651.00,1515.00
800.90,12.40,3245.00,1515.00
801.00,12.40,3245.00,1515.00
801.10,12.40,3116.00,1660.00
801.20,12.40,3116.00,1660.00
801.30,12.40,3116.00,1660.00
801.40,12.40,1632.00,1627.00
801.50,12.40,1632.00,1627.00
801.60,12.40,1632.00,1627.00
801.70,12.40,1619.00,1565.00
801.80,12.40,1619.00,1565.00
801.90,12.40,1619.00,1516.00
802.00,12.40,5201.00,1516.00
802.10,12.40,5201.00,1516.00
802.20,12.40,5201.00,1465.00
802.30,12.40,5201.00,1465.00
802.40,12.40,5201.00,1465.00
802.50,12.40,5201.00,1415.00
802.60,12.40,5201.00,1415.00
802.70,12.40,5201.00,1415.00
802.80,12.40,5201.00,1363.00
802.90,12.40,5201.00,1363.00
803.00,12.40,5201.00,1363.00
803.10,12.40,1283.00,2410.00
803.20,12.40,1283.00,2410.00
803.30,12.40,1283.00,1984.00
803.40,12.40,1825.00,1984.00
803.50,12.40,1825.00,1984.00
803.60,12.40,1825.00,3379.00
803.70,12.60,1838.00,3379.00
803.80,12.60,1838.00,3379.00
803.90,12.60,1843.00,5201.00
804.00,12.60,1843.00,5201.00
804.10,12.60,1843.00,5201.00
804.20,12.60,1843.00,5201.00
804.30,12.60,1843.00,5201.00
804.40,12.60,1843.00,5201.00
804.50,12.60,1842.00,5201.00
804.60,12.60,1842.00,5201.00
804.70,12.40,1842.00,5201.00
804.80,12.40,1842.00,5201.00
804.90,12.40,1842.00,5201.00
805.00,12.40,1842.00,5201.00
2397.50,11.80,1272.00,2165.00
2397.60,11.80,1272.00,2165.00
2397.70,11.80,1272.00,2165.00
2397.80,11.80,1272.00,2161.00
2397.90,11.80,1271.00,2161.00
2398.00,11.80,1271.00,2161.00
2398.10,11.80,1271.00,2162.00
2398.20,11.80,1272.00,2162.00
2398.30,11.80,1272.00,2162.00
2398.40,11.80,1269.00,2173.00
2398.50,11.80,1269.00,2173.00
2398.60,11.80,1269.00,2173.00
2398.70,11.80,1269.00,2161.00
2398.80,11.60,1269.00,2161.00
2398.90,11.60,1269.00,2161.00
2399.00,11.60,1273.00,2167.00
2399.10,11.60,1273.00,2167.00
2399.20,11.60,1273.00,2152.00
2399.30,11.60,1274.00,2152.00
2399.40,11.60,1274.00,2152.00
2399.50,11.60,1274.00,3475.00
2399.60,11.60,1276.00,3475.00
2399.70,11.60,1276.00,3475.00
2399.80,11.50,1280.00,5201.00
2399.90,11.50,1280.00,5201.00
2400.00,11.50,1280.00,5201.00
2400.10,11.50,1286.00,2075.00
2400.20,11.50,1286.00,2075.00
2400.30,11.50,1286.00,2075.00
2400.40,11.50,1295.00,2040.00
2400.50,11.50,1295.00,2040.00
2400.60,11.50,1295.00,2019.00
2400.70,11.50,1305.00,2019.00
2400.80,11.50,1305.00,2019.00
2400.90,11.50,1305.00,2125.00
2401.00,11.50,1313.00,2125.00
2401.10,11.50,1313.00,2125.00
2401.20,11.50,1311.00,2001.00
2401.30,11.50,1311.00,2001.00
2401.40,11.50,1311.00,2001.00
2401.50,11.50,1310.00,2254.00
2401.60,11.50,1310.00,2254.00
2401.70,11.50,1310.00,2254.00
2401.80,11.40,1310.00,2239.00
2401.90,11.40,1310.00,2239.00
2402.00,11.40,1310.00,2242.00
2402.10,11.40,1311.00,2242.00
2402.20,11.40,1311.00,2242.00
2402.30,11.40,1311.00,2121.00
2402.40,11.40,1314.00,2121.00
2402.50,11.40,1314.00,2121.00
2402.60,11.40,1314.00,2114.00
2402.70,11.40,1314.00,2114.00
2402.80,11.60,1314.00,2114.00
2402.90,11.60,1311.00,2113.00
2403.00,11.60,1311.00,2113.00
683.90,11.80,3796.00,5201.00
684.00,11.80,3798.00,5201.00
684.10,11.80,3798.00,5201.00
684.20,11.80,3798.00,5201.00
684.30,11.80,3798.00,5201.00
684.40,11.80,3798.00,5201.00
684.50,11.80,3799.00,5201.00
684.60,12.00,3799.00,5201.00
684.70,12.00,3799.00,5201.00
684.80,12.00,3799.00,5201.00
684.90,12.00,3799.00,5201.00
685.00,12.00,3799.00,3135.00
685.10,12.00,3164.00,3135.00
685.20,12.00,3164.00,3135.00
685.30,12.00,3164.00,5201.00
685.40,12.00,1523.00,5201.00
685.50,12.00,1523.00,5201.00
685.60,11.80,2776.00,1448.00
685.70,11.80,2776.00,1448.00
685.80,11.80,2776.00,1448.00
685.90,11.80,2798.00,357.00
686.00,11.80,2798.00,357.00
686.10,11.80,2798.00,357.00
686.20,11.80,3537.00,411.00
686.30,11.80,3537.00,411.00
686.40,11.80,3537.00,472.00
686.50,11.80,1735.00,472.00
686.60,11.70,1735.00,472.00
686.70,11.70,1735.00,5201.00
686.80,11.70,1726.00,5201.00
686.90,11.70,1726.00,5201.00
687.00,11.70,1189.00,5201.00
687.10,11.70,1189.00,5201.00
687.20,11.70,1189.00,5201.00
687.30,11.70,1162.00,5201.00
687.40,11.70,1162.00,5201.00
687.50,11.70,1162.00,5201.00
687.60,11.80,1152.00,5201.00
687.70,11.80,1152.00,5201.00
687.80,11.80,1152.00,5201.00
687.90,11.80,1140.00,5201.00
688.00,11.80,1140.00,5201.00
688.10,11.80,1140.00,5201.00
688.20,11.80,1130.00,5201.00
688.30,11.80,1130.00,5201.00
688.40,11.80,1128.00,5201.00
688.50,11.80,1128.00,5201.00
688.60,12.00,1128.00,5201.00
688.70,12.00,1126.00,5201.00
688.80,12.00,1126.00,5201.00
688.90,12.00,1126.00,5201.00
689.00,12.00,1126.00,5201.00
689.10,12.00,1126.00,5201.00
689.20,12.00,1126.00,5201.00
689.30,12.00,1126.00,5201.00
689.40,12.00,1126.00,5201.00
689.50,12.00,1126.00,5201.00
689.60,11.70,1119.00,5201.00
689.70,11.70,1119.00,5201.00
1006.50,11.90,2241.00,5201.00
1006.60,11.90,2241.00,5201.00
1006.70,11.90,2241.00,5201.00
1006.80,11.90,2241.00,5201.00
1006.90,11.90,2241.00,3019.00
1007.00,11.90,2241.00,3019.00
1007.10,11.90,2241.00,3019.00
1007.20,11.90,2241.00,3023.00
1007.30,11.90,2241.00,3023.00
1007.40,11.90,2241.00,3023.00
1007.50,11.70,2238.00,3019.00
1007.60,11.70,2238.00,3019.00
1007.70,11.70,2238.00,3019.00
1007.80,11.70,2233.00,2896.00
1007.90,11.70,2233.00,2896.00
1008.00,11.70,2233.00,2896.00
1008.10,11.70,2230.00,2842.00
1008.20,11.70,2230.00,2842.00
1008.30,11.70,2230.00,2750.00
1008.40,11.70,2243.00,2750.00
1008.50,11.70,2243.00,2750.00
1008.60,11.70,2243.00,2593.00
1008.70,11.70,2246.00,2593.00
1008.80,11.70,2246.00,2593.00
1008.90,11.70,2253.00,2533.00
1009.00,11.70,2253.00,2533.00
1009.10,11.70,2253.00,2533.00
1009.20,11.70,1505.00,2480.00
1009.30,11.70,1505.00,2480.00
1009.40,11.70,1505.00,2480.00
1009.50,11.60,1508.00,2415.00
1009.60,11.60,1508.00,2415.00
1009.70,11.60,1508.00,2363.00
1009.80,11.60,1514.00,2363.00
1009.90,11.60,1514.00,2363.00
1010.00,11.60,1514.00,2396.00
1010.10,11.60,1520.00,2396.00
1010.20,11.60,1520.00,2396.00
1010.30,11.60,1519.00,2307.00
1010.40,11.60,1519.00,2307.00
1010.50,11.30,1519.00,2307.00
1010.60,11.30,1525.00,2274.00
1010.70,11.30,1525.00,2274.00
1010.80,11.30,1525.00,2274.00
1010.90,11.30,1521.00,2376.00
1011.00,11.30,1521.00,2376.00
1011.10,11.30,1521.00,2391.00
1011.20,11.30,1521.00,2391.00
1011.30,11.30,1521.00,2391.00
1011.40,11.30,1521.00,2393.00
1011.50,11.90,1518.00,2393.00
1011.60,11.90,1518.00,2393.00
1011.70,11.90,1518.00,2393.00
1011.80,11.90,1518.00,2393.00
1011.90,11.90,1518.00,2393.00
1012.00,11.90,1521.00,2394.00
1012.10,11.90,1521.00,2394.00
1012.20,11.90,1521.00,2394.00
1012.30,11.90,1518.00,2394.00
1012.40,11.90,1518.00,2394.00
1012.50,11.90,1518.00,2316.00
1012.60,11.90,1521.00,2316.00
1012.70,11.90,1521.00,2316.00
1012.80,11.90,1521.00,2330.00
1012.90,11.90,1514.00,2330.00
682.20,12.20,5201.00,1984.00
682.30,12.20,5201.00,1965.00
682.40,12.20,5201.00,1965.00
682.50,12.20,5201.00,1965.00
682.60,12.20,5201.00,1965.00
682.70,12.20,5201.00,1965.00
682.80,12.20,5201.00,1965.00
682.90,12.70,5201.00,1964.00
683.00,12.70,5201.00,1964.00
683.10,12.70,5201.00,1961.00
683.20,12.70,5201.00,1961.00
683.30,12.70,5201.00,1961.00
683.40,12.70,5201.00,1965.00
683.50,12.70,3037.00,1965.00
683.60,12.70,3037.00,1965.00
683.70,12.70,3125.00,1967.00
683.80,12.70,3125.00,1967.00
683.90,12.40,3125.00,1967.00
684.00,12.40,5201.00,1909.00
684.10,12.40,5201.00,1909.00
684.20,12.40,5201.00,1909.00
684.30,12.40,5201.00,1855.00
684.40,12.40,5201.00,1855.00
684.50,12.40,5201.00,2254.00
684.60,12.40,5201.00,2254.00
684.70,12.40,5201.00,2254.00
684.80,12.40,5201.00,2224.00
684.90,12.40,5201.00,2224.00
685.00,12.40,5201.00,2224.00
685.10,12.40,3525.00,3573.00
685.20,12.40,3525.00,3573.00
685.30,12.40,3525.00,3573.00
685.40,12.40,3562.00,5201.00
685.50,12.40,3562.00,5201.00
685.60,12.40,3562.00,5201.00
685.70,12.40,1618.00,5201.00
685.80,12.40,1618.00,5201.00
685.90,12.40,1618.00,5201.00
686.00,12.40,5201.00,5201.00
686.10,12.40,5201.00,5201.00
686.20,12.40,5201.00,3381.00
686.30,12.40,3427.00,3381.00
686.40,12.40,3427.00,3381.00
686.50,12.40,2205.00,1701.00
686.60,12.40,2205.00,1701.00
686.70,12.40,2205.00,1701.00
686.80,12.40,1187.00,1205.00
686.90,12.30,1187.00,1205.00
687.00,12.30,1187.00,1205.00
687.10,12.30,1531.00,1734.00
687.20,12.30,1531.00,1734.00
687.30,12.30,1531.00,1724.00
687.40,12.30,1534.00,1724.00
687.50,12.30,1534.00,1724.00
687.60,12.30,1534.00,1724.00
687.70,12.30,1537.00,1724.00
687.80,12.30,1537.00,1724.00
687.90,12.40,1538.00,1721.00
688.00,12.40,1538.00,1721.00
688.10,12.40,1538.00,1721.00
688.20,12.40,1538.00,1721.00
688.30,12.40,1538.00,1721.00
688.40,12.40,1538.00,1721.00
2102.70,12.50,1492.00,2030.00
2102.80,12.40,1493.00,2038.00
2102.90,12.40,1493.00,2038.00
2103.00,12.40,1493.00,2063.00
2103.10,12.40,1486.00,2063.00
2103.20,12.40,1486.00,2063.00
2103.30,12.40,1486.00,2049.00
2103.40,12.40,1496.00,2049.00
2103.50,12.40,1496.00,2049.00
2103.60,12.40,1493.00,2052.00
2103.70,12.40,1493.00,2052.00
2103.80,12.30,1493.00,2052.00
2103.90,12.30,1489.00,2031.00
2104.00,12.30,1489.00,2031.00
2104.10,12.30,1489.00,2031.00
2104.20,12.30,1499.00,1992.00
2104.30,12.30,1499.00,1992.00
2104.40,12.30,1499.00,1928.00
2104.50,12.30,1517.00,1928.00
2104.60,12.30,1517.00,1928.00
2104.70,12.30,1517.00,1870.00
2104.80,12.30,1538.00,1870.00
2104.90,12.30,1538.00,1870.00
2105.00,12.30,1544.00,1796.00
2105.10,12.30,1544.00,1796.00
2105.20,12.30,1544.00,1796.00
2105.30,12.30,1552.00,1733.00
2105.40,12.30,1552.00,1733.00
2105.50,12.30,1552.00,1733.00
2105.60,12.30,1565.00,1663.00
2105.70,12.30,1565.00,1663.00
2105.80,12.10,1565.00,1611.00
2105.90,12.10,1574.00,1611.00
2106.00,12.10,1574.00,1611.00
2106.10,12.10,1574.00,1567.00
2106.20,12.10,1588.00,1567.00
2106.30,12.10,1588.00,1567.00
2106.40,12.10,1594.00,1528.00
2106.50,12.10,1594.00,1528.00
2106.60,12.10,1594.00,1528.00
2106.70,12.10,1600.00,1522.00
2106.80,12.50,1600.00,1522.00
2106.90,12.50,1600.00,1522.00
2107.00,12.50,1597.00,1522.00
2107.10,12.50,1597.00,1522.00
2107.20,12.50,1597.00,1524.00
2107.30,12.50,1601.00,1524.00
2107.40,12.50,1601.00,1524.00
2107.50,12.50,1601.00,1518.00
2107.60,12.50,1603.00,1518.00
2107.70,12.50,1603.00,1518.00
2107.80,12.50,1599.00,1526.00
2107.90,12.50,1599.00,1526.00
2108.00,12.50,1599.00,1526.00
2108.10,12.50,1600.00,1526.00
2240.60,11.70,1286.00,2168.00
2240.70,11.70,1286.00,2168.00
2240.80,11.80,1289.00,2164.00
2240.90,11.80,1289.00,2164.00
2241.00,11.80,1289.00,2164.00
2241.10,11.80,1282.00,2168.00
2241.20,11.80,1282.00,2168.00
2241.30,11.80,1282.00,2165.00
2241.40,11.80,1282.00,2165.00
2241.50,11.80,1289.00,2165.00
2241.60,11.80,1289.00,2165.00
2241.70,11.80,1289.00,2168.00
2241.80,11.80,1289.00,2168.00
2241.90,11.50,1292.00,2160.00
2242.00,11.50,1292.00,2160.00
2242.10,11.50,1292.00,2160.00
2242.20,11.50,1292.00,2160.00
2242.30,11.50,2222.00,1824.00
2242.40,11.50,2222.00,1824.00
2242.50,11.50,5201.00,1813.00
2242.60,11.50,5201.00,1813.00
2242.70,11.50,5201.00,345.00
2242.80,11.50,5201.00,345.00
2242.90,11.60,5201.00,345.00
2243.00,11.60,5201.00,345.00
2243.10,11.60,1415.00,313.00
2243.20,11.60,1415.00,313.00
2243.30,11.60,1315.00,272.00
2243.40,11.60,1315.00,272.00
2243.50,11.60,1315.00,272.00
2243.60,11.60,1317.00,238.00
2243.70,11.60,1317.00,238.00
2243.80,11.60,1317.00,238.00
2243.90,11.60,1323.00,200.00
2244.00,11.60,1323.00,200.00
2244.10,11.60,1323.00,204.00
2244.20,11.60,1323.00,204.00
2244.30,11.60,3268.00,204.00
2244.40,11.60,3268.00,204.00
2244.50,11.60,5201.00,214.00
2244.60,11.60,5201.00,214.00
2244.70,11.60,5201.00,199.00
2244.80,11.60,5201.00,199.00
2244.90,11.60,5201.00,199.00
2245.00,11.60,5201.00,206.00
2245.10,11.60,5201.00,206.00
2245.20,11.60,5201.00,206.00
2245.30,11.60,3438.00,213.00
2245.40,11.60,3438.00,213.00
2245.50,11.60,3438.00,199.00
2245.60,11.60,5201.00,199.00
2245.70,11.60,5201.00,199.00
2245.80,11.60,5201.00,199.00
2245.90,11.50,5201.00,206.00
2246.00,11.50,5201.00,206.00
2246.10,11.50,5201.00,211.00
2246.20,11.50,5201.00,211.00
2246.30,11.50,5201.00,211.00
2688.40,12.30,1494.00,1841.00
2688.50,12.30,1494.00,1841.00
2688.60,12.50,1633.00,1844.00
2688.70,12.50,1633.00,1844.00
2688.80,12.50,1633.00,1844.00
2688.90,12.50,1494.00,1837.00
2689.00,12.50,1494.00,1837.00
2689.10,12.50,1494.00,1837.00
2689.20,12.50,1654.00,1844.00
2689.30,12.50,1654.00,1844.00
2689.40,12.50,1654.00,1844.00
2689.50,12.50,1643.00,1844.00
2689.60,12.20,1643.00,1844.00
2689.70,12.20,1643.00,2205.00
2689.80,12.20,1640.00,2205.00
2689.90,12.20,1640.00,2205.00
2690.00,12.20,2869.00,1746.00
2690.10,12.20,2869.00,1746.00
2690.20,12.20,2869.00,1746.00
2690.30,12.20,5201.00,1674.00
2690.40,12.20,5201.00,1674.00
2690.50,12.20,5201.00,1674.00
2690.60,12.30,1673.00,1640.00
2690.70,12.30,1673.00,1640.00
2690.80,12.30,1673.00,1583.00
2690.90,12.30,5201.00,1583.00
2691.00,12.30,5201.00,1583.00
2691.10,12.30,5201.00,1520.00
2691.20,12.30,5201.00,1520.00
2691.30,12.30,5201.00,1520.00
2691.40,12.30,5201.00,1481.00
2691.50,12.30,5201.00,1481.00
2691.60,12.30,5201.00,1481.00
2691.70,12.30,1903.00,5201.00
2691.80,12.30,1903.00,5201.00
2691.90,12.30,1903.00,5201.00
2692.00,12.30,1864.00,5201.00
2692.10,12.30,1864.00,5201.00
2692.20,12.30,1864.00,720.00
2692.30,12.30,1855.00,720.00
2692.40,12.30,1855.00,720.00
2692.50,12.30,1855.00,685.00
2692.60,12.50,1844.00,685.00
2692.70,12.50,1844.00,685.00
2692.80,12.50,1850.00,682.00
2692.90,12.50,1850.00,682.00
2693.00,12.50,1850.00,682.00
2693.10,12.50,1847.00,683.00
2693.20,12.50,1847.00,683.00
2693.30,12.50,1847.00,683.00
2693.40,12.50,1841.00,683.00
2693.50,12.50,1841.00,683.00
2693.60,12.30,1841.00,683.00
2693.70,12.30,1851.00,683.00
2816.20,12.50,5201.00,1981.00
2816.30,12.50,5201.00,1977.00
2816.40,12.50,5201.00,1977.00
2816.50,12.50,5201.00,1977.00
2816.60,12.40,5201.00,1974.00
2816.70,12.40,5201.00,1974.00
2816.80,12.40,5201.00,1977.00
2816.90,12.40,5201.00,1977.00
2817.00,12.40,5201.00,1977.00
2817.10,12.40,5201.00,1977.00
2817.20,12.40,5201.00,1977.00
2817.30,12.40,5201.00,1977.00
2817.40,12.40,5201.00,1973.00
2817.50,12.40,5201.00,1973.00
2817.60,12.20,5201.00,1973.00
2817.70,12.20,3029.00,1932.00
2817.80,12.20,3029.00,1932.00
2817.90,12.20,3029.00,1932.00
2818.00,12.20,3135.00,2334.00
2818.10,12.20,3135.00,2334.00
2818.20,12.20,3135.00,2294.00
2818.30,12.20,5201.00,2294.00
2818.40,12.20,5201.00,2294.00
2818.50,12.20,5201.00,2474.00
2818.60,12.30,1761.00,2474.00
2818.70,12.30,1761.00,2474.00
2818.80,12.30,1753.00,3506.00
2818.90,12.30,1753.00,3506.00
2819.00,12.30,1753.00,3506.00
2819.10,12.30,5201.00,5201.00
2819.20,12.30,5201.00,5201.00
2819.30,12.30,5201.00,5201.00
2819.40,12.30,5201.00,5201.00
2819.50,12.30,5201.00,5201.00
2819.60,12.30,5201.00,5201.00
2819.70,12.30,5201.00,5201.00
2819.80,12.30,5201.00,5201.00
2819.90,12.30,5201.00,3465.00
2820.00,12.30,1984.00,3465.00
2820.10,12.30,1984.00,3465.00
2820.20,12.30,1957.00,5201.00
2820.30,12.30,1957.00,5201.00
2820.40,12.30,1957.00,5201.00
2820.50,12.30,1923.00,5201.00
2820.60,12.30,1923.00,5201.00
2820.70,12.30,1923.00,5201.00
2820.80,12.30,1911.00,764.00
2820.90,12.30,1911.00,764.00
2821.00,12.30,1911.00,5201.00
2821.10,12.30,1923.00,5201.00
2821.20,12.30,1923.00,5201.00
2821.30,12.30,1923.00,632.00
2821.40,12.30,1920.00,632.00
2821.50,12.30,1920.00,632.00
2821.60,12.30,1926.00,566.00
2821.70,12.30,1926.00,566.00
2821.80,12.30,1926.00,566.00
2821.90,12.30,1931.00,517.00
2822.00,12.30,1931.00,517.00
2822.10,12.30,1931.00,517.00
2822.20,12.30,1931.00,494.00
2822.30,12.30,1931.00,494.00
2822.40,12.30,1931.00,495.00
2822.50,12.30,1931.00,495.00
2822.60,12.10,1931.00,495.00
2822.70,12.10,1931.00,495.00
2822.80,12.10,1931.00,495.00
2822.90,12.10,1931.00,495.00
2823.00,12.10,1931.00,494.00
2823.10,12.10,1931.00,494.00
3133.60,11.40,1330.00,5201.00
3133.70,11.40,1330.00,5201.00
3133.80,11.40,1330.00,5201.00
3133.90,11.40,1330.00,5201.00
3134.00,11.40,1330.00,5201.00
3134.10,11.40,1330.00,5201.00
3134.20,11.40,1330.00,5201.00
3134.30,11.40,1330.00,5201.00
3134.40,11.40,1330.00,5201.00
3134.50,11.70,1323.00,5201.00
3134.60,11.70,1323.00,5201.00
3134.70,11.70,1323.00,5201.00
3134.80,11.70,1330.00,5201.00
3134.90,11.70,1330.00,5201.00
3135.00,11.70,1330.00,5201.00
3135.10,11.70,1334.00,2225.00
3135.20,11.70,1334.00,2225.00
3135.30,11.70,1334.00,2316.00
3135.40,11.70,1348.00,2316.00
3135.50,11.40,1348.00,2316.00
3135.60,11.40,1348.00,2175.00
3135.70,11.40,1360.00,2175.00
3135.80,11.40,1360.00,2175.00
3135.90,11.40,1371.00,2099.00
3136.00,11.40,1371.00,2099.00
3136.10,11.40,1371.00,2099.00
3136.20,11.40,1381.00,2133.00
3136.30,11.40,1381.00,2133.00
3136.40,11.40,1381.00,2133.00
3136.50,11.50,1388.00,2082.00
3136.60,11.50,1388.00,2082.00
3136.70,11.50,1388.00,2037.00
3136.80,11.50,1397.00,2037.00
3136.90,11.50,1397.00,2037.00
3137.00,11.50,1397.00,1981.00
3137.10,11.50,1406.00,1981.00
3137.20,11.50,1406.00,1981.00
3137.30,11.50,1416.00,1029.00
3137.40,11.50,1416.00,1029.00
3137.50,11.40,1416.00,1029.00
3137.60,11.40,1424.00,974.00
3137.70,11.40,1424.00,974.00
3137.80,11.40,1424.00,974.00
3137.90,11.40,1411.00,936.00
3138.00,11.40,1411.00,936.00
3138.10,11.40,1411.00,5201.00
3138.20,11.40,1423.00,5201.00
3138.30,11.40,1423.00,5201.00
3138.40,11.40,1423.00,5201.00
3138.50,11.70,1420.00,5201.00
3138.60,11.70,1420.00,5201.00
3138.70,11.70,1419.00,5201.00
3138.80,11.70,1419.00,5201.00
3138.90,11.70,1419.00,5201.00
3139.00,11.70,1419.00,1773.00
3139.10,11.70,1419.00,1773.00
3139.20,11.70,1419.00,1773.00
3139.30,11.70,1419.00,977.00
3139.40,11.70,1419.00,977.00
3139.50,11.10,1419.00,1897.00
852.20,12.70,1142.00,5201.00
852.30,12.70,1142.00,5201.00
852.40,12.70,1145.00,5201.00
852.50,12.70,1145.00,5201.00
852.60,12.70,1145.00,5201.00
852.70,12.70,1144.00,5201.00
852.80,12.70,1144.00,5201.00
852.90,12.70,1144.00,5201.00
853.00,12.70,1138.00,5201.00
853.10,12.70,1138.00,5201.00
853.20,12.70,1145.00,5201.00
853.30,12.70,1145.00,5201.00
853.40,12.70,1144.00,3122.00
853.50,12.70,1144.00,3122.00
853.60,12.70,1144.00,3122.00
853.70,12.70,1144.00,3122.00
853.80,12.50,1149.00,5201.00
853.90,12.50,1149.00,5201.00
854.00,12.50,1150.00,3119.00
854.10,12.50,1150.00,3119.00
854.20,12.50,1150.00,5201.00
854.30,12.50,1150.00,5201.00
854.40,12.50,1132.00,5201.00
854.50,12.50,1132.00,5201.00
854.60,12.50,1127.00,5201.00
854.70,12.50,1127.00,5201.00
854.80,12.50,1123.00,5201.00
854.90,12.50,1123.00,5201.00
855.00,12.50,1123.00,5201.00
855.10,12.50,1123.00,5201.00
855.20,12.50,836.00,5201.00
855.30,12.50,836.00,5201.00
855.40,12.50,824.00,5201.00
855.50,12.50,824.00,5201.00
855.60,12.50,824.00,5201.00
855.70,12.50,824.00,5201.00
855.80,12.50,820.00,5201.00
855.90,12.50,820.00,5201.00
856.00,12.50,821.00,256.00
856.10,12.50,821.00,256.00
856.20,12.50,827.00,213.00
856.30,12.50,827.00,213.00
856.40,12.50,827.00,213.00
856.50,12.50,827.00,213.00
856.60,12.50,839.00,198.00
856.70,12.50,839.00,198.00
856.80,12.50,830.00,202.00
856.90,12.50,830.00,202.00
857.00,12.50,830.00,200.00
857.10,12.50,830.00,200.00
857.20,12.50,831.00,200.00
857.30,12.50,831.00,200.00
857.40,12.50,831.00,200.00
857.50,12.50,831.00,200.00
857.60,12.50,831.00,200.00
857.70,12.50,831.00,200.00
857.80,12.70,831.00,200.00
857.90,12.70,831.00,200.00
858.00,12.70,831.00,210.00
858.10,12.70,831.00,210.00
858.20,12.70,831.00,207.00
858.30,12.70,831.00,207.00
858.40,12.70,831.00,207.00
2584.20,11.80,1401.00,1779.00
2584.30,11.80,1401.00,1779.00
2584.40,11.80,1401.00,1779.00
2584.50,11.80,1401.00,1775.00
2584.60,11.80,1401.00,1775.00
2584.70,11.50,1401.00,1775.00
2584.80,11.50,1401.00,1768.00
2584.90,11.50,1401.00,1768.00
2585.00,11.50,1401.00,1768.00
2585.10,11.50,1401.00,1779.00
2585.20,11.50,1401.00,1779.00
2585.30,11.50,1401.00,1861.00
2585.40,11.50,1402.00,1861.00
2585.50,11.50,1402.00,1861.00
2585.60,11.50,1402.00,1890.00
2585.70,11.70,1397.00,1890.00
2585.80,11.70,1397.00,1890.00
2585.90,11.70,1389.00,1810.00
2586.00,11.70,1389.00,1810.00
2586.10,11.70,1389.00,1810.00
2586.20,11.70,1383.00,2023.00
2586.30,11.70,1383.00,2023.00
2586.40,11.70,1383.00,2023.00
2586.50,11.70,1375.00,2081.00
2586.60,11.70,1375.00,2081.00
2586.70,11.70,1375.00,2129.00
2586.80,11.70,1368.00,2129.00
2586.90,11.70,1368.00,2129.00
2587.00,11.70,1368.00,2182.00
2587.10,11.70,1363.00,2182.00
2587.20,11.70,1363.00,2182.00
2587.30,11.70,1343.00,2154.00
2587.40,11.70,1343.00,2154.00
2587.50,11.70,1343.00,2154.00
2587.60,11.70,1329.00,2212.00
2587.70,11.50,1329.00,2212.00
2587.80,11.50,1329.00,2212.00
2587.90,11.50,1317.00,2011.00
2588.00,11.50,1317.00,2011.00
2588.10,11.50,1317.00,5201.00
2588.20,11.50,1313.00,5201.00
2588.30,11.50,1313.00,5201.00
2588.40,11.50,1313.00,5201.00
2588.50,11.50,5201.00,5201.00
2588.60,11.50,5201.00,5201.00
2588.70,12.10,2063.00,5201.00
2588.80,12.10,2063.00,5201.00
2588.90,12.10,2063.00,5201.00
2589.00,12.10,2058.00,5201.00
2589.10,12.10,2058.00,5201.00
2589.20,12.10,2058.00,5201.00
2589.30,12.10,2058.00,5201.00
2589.40,12.10,2058.00,5201.00
2589.50,12.10,2058.00,5201.00
2589.60,12.10,2058.00,5201.00
2589.70,11.80,2058.00,5201.00
2589.80,11.80,2058.00,5201.00
2589.90,11.80,2057.00,5201.00
2590.00,11.80,2057.00,5201.00
2590.10,11.80,2058.00,5201.00
2590.20,11.80,2058.00,5201.00
2590.30,11.80,2058.00,5201.00
2590.40,11.80,2058.00,5201.00
2590.50,11.80,2058.00,5201.00
2590.60,11.80,2058.00,5201.00
1355.80,12.70,2353.00,2983.00
1355.90,12.70,2353.00,2994.00
1356.00,12.70,2353.00,2994.00
1356.10,12.70,2353.00,2994.00
1356.20,12.70,2352.00,2987.00
1356.30,12.70,2352.00,2987.00
1356.40,12.70,2352.00,2990.00
1356.50,12.70,2353.00,2990.00
1356.60,12.70,2353.00,2990.00
1356.70,12.70,2353.00,2987.00
1356.80,12.70,5201.00,2987.00
1356.90,12.70,5201.00,2987.00
1357.00,12.70,2349.00,2986.00
1357.10,12.70,2349.00,2986.00
1357.20,12.70,2349.00,2986.00
1357.30,12.70,2332.00,2970.00
1357.40,12.70,2332.00,2970.00
1357.50,12.70,2332.00,2970.00
1357.60,12.70,2337.00,2895.00
1357.70,12.60,2337.00,2895.00
1357.80,12.60,2337.00,2822.00
1357.90,12.60,852.00,2822.00
1358.00,12.60,852.00,2822.00
1358.10,12.60,852.00,2760.00
1358.20,12.60,853.00,2760.00
1358.30,12.60,853.00,2760.00
1358.40,12.60,846.00,2224.00
1358.50,12.60,846.00,2224.00
1358.60,12.60,846.00,2224.00
1358.70,12.40,847.00,2147.00
1358.80,12.40,847.00,2147.00
1358.90,12.40,847.00,2147.00
1359.00,12.40,849.00,2094.00
1359.10,12.40,849.00,2094.00
1359.20,12.40,849.00,2014.00
1359.30,12.40,1580.00,2014.00
1359.40,12.40,1580.00,2014.00
1359.50,12.40,1580.00,1847.00
1359.60,12.40,880.00,1847.00
1359.70,12.40,880.00,1847.00
1359.80,12.40,887.00,1893.00
1359.90,12.40,887.00,1893.00
1360.00,12.40,887.00,1893.00
1360.10,12.40,1542.00,1006.00
1360.20,12.40,1542.00,1006.00
1360.30,12.40,1542.00,1006.00
1360.40,12.40,1556.00,657.00
1360.50,12.40,1556.00,657.00
1360.60,12.40,1556.00,598.00
1360.70,12.50,1559.00,598.00
1360.80,12.50,1559.00,598.00
1360.90,12.50,1559.00,558.00
1361.00,12.50,1557.00,558.00
1361.10,12.50,1557.00,558.00
1361.20,12.50,1561.00,548.00
1361.30,12.50,1561.00,548.00
1361.40,12.50,1561.00,548.00
1361.50,12.50,1561.00,549.00
1361.60,12.50,1561.00,549.00
1361.70,12.70,1561.00,549.00
1361.80,12.70,1561.00,549.00
1361.90,12.70,1561.00,549.00
1362.00,12.70,1561.00,549.00
1362.10,12.70,1561.00,549.00
299.60,12.00,1090.00,525.00
299.70,12.00,1090.00,525.00
299.80,11.70,1090.00,525.00
299.90,11.70,1090.00,525.00
300.00,11.70,1090.00,526.00
300.10,11.70,1090.00,526.00
300.20,11.70,1090.00,526.00
300.30,11.70,1090.00,526.00
300.40,11.70,1090.00,526.00
300.50,11.70,1090.00,525.00
300.60,11.70,1091.00,525.00
300.70,11.70,1091.00,525.00
300.80,12.00,1091.00,525.00
300.90,12.00,1091.00,525.00
301.00,12.00,1091.00,525.00
301.10,12.00,1093.00,512.00
301.20,12.00,1093.00,512.00
301.30,12.00,1093.00,512.00
301.40,12.00,1097.00,463.00
301.50,12.00,1097.00,463.00
301.60,12.00,1097.00,463.00
301.70,12.00,1097.00,463.00
301.80,11.70,1097.00,463.00
301.90,11.70,1097.00,5201.00
302.00,11.70,1103.00,5201.00
302.10,11.70,1103.00,5201.00
302.20,11.70,1109.00,5201.00
302.30,11.70,1109.00,5201.00
302.40,11.70,1109.00,5201.00
302.50,11.70,1114.00,5201.00
302.60,11.70,1114.00,5201.00
302.70,11.70,1114.00,5201.00
302.80,11.60,1120.00,5201.00
302.90,11.60,1120.00,5201.00
303.00,11.60,1120.00,5201.00
303.10,11.60,242.00,5201.00
303.20,11.60,242.00,5201.00
303.30,11.60,242.00,5201.00
303.40,11.60,1129.00,5201.00
303.50,11.60,1129.00,5201.00
303.60,11.60,1131.00,5201.00
303.70,11.60,1131.00,5201.00
303.80,12.00,1131.00,5201.00
303.90,12.00,1131.00,5201.00
304.00,12.00,1131.00,5201.00
304.10,12.00,1131.00,5201.00
304.20,12.00,1132.00,5201.00
304.30,12.00,1132.00,5201.00
304.40,12.00,1132.00,5201.00
304.50,12.00,1132.00,5201.00
2526.30,11.80,5201.00,597.00
2526.40,11.80,5201.00,597.00
2526.50,11.80,5201.00,597.00
2526.60,11.80,5201.00,597.00
2526.70,11.80,5201.00,597.00
2526.80,11.80,5201.00,597.00
2526.90,11.80,5201.00,597.00
2527.00,11.80,5201.00,597.00
2527.10,11.80,5201.00,595.00
2527.20,11.80,5201.00,595.00
2527.30,11.80,5201.00,595.00
2527.40,11.80,2774.00,594.00
2527.50,11.80,2774.00,594.00
2527.60,11.80,2774.00,594.00
2527.70,11.50,1693.00,610.00
2527.80,11.50,1693.00,610.00
2527.90,11.50,1693.00,638.00
2528.00,11.50,1668.00,638.00
2528.10,11.50,1668.00,638.00
2528.20,11.50,1668.00,676.00
2528.30,11.50,1536.00,676.00
2528.40,11.50,1536.00,676.00
2528.50,11.50,1509.00,1448.00
2528.60,11.50,1509.00,1448.00
2528.70,11.70,1509.00,1448.00
2528.80,11.70,1406.00,1491.00
2528.90,11.70,1406.00,1491.00
2529.00,11.70,1406.00,1491.00
2529.10,11.70,1486.00,5201.00
2529.20,11.70,1486.00,5201.00
2529.30,11.70,1486.00,768.00
2529.40,11.70,1500.00,768.00
2529.50,11.70,1500.00,768.00
2529.60,11.70,1500.00,780.00
2529.70,11.70,1431.00,780.00
2529.80,11.70,1431.00,780.00
2529.90,11.70,1442.00,810.00
2530.00,11.70,1442.00,810.00
2530.10,11.70,1442.00,810.00
2530.20,11.70,1417.00,5201.00
2530.30,11.70,1417.00,5201.00
2530.40,11.70,1417.00,5201.00
2530.50,11.70,1422.00,5201.00
2530.60,11.70,1422.00,5201.00
2530.70,11.50,1422.00,5201.00
2530.80,11.50,1441.00,5201.00
2530.90,11.50,1441.00,5201.00
2531.00,11.50,1441.00,5201.00
2531.10,11.50,1411.00,5201.00
2531.20,11.50,1411.00,5201.00
2531.30,11.50,1413.00,5201.00
2531.40,11.50,1413.00,5201.00
2531.50,11.50,1413.00,5201.00
2531.60,11.50,1415.00,5201.00
2531.70,11.80,1415.00,5201.00
2531.80,11.80,1415.00,5201.00
2531.90,11.80,1413.00,5201.00
2532.00,11.80,1413.00,5201.00
2532.10,11.80,1413.00,5201.00
2532.20,11.80,1413.00,5201.00
2532.30,11.80,1413.00,5201.00
2532.40,11.80,1413.00,5201.00
2532.50,11.80,1413.00,5201.00
2532.60,11.80,1413.00,5201.00
2532.70,11.80,1413.00,5201.00
1304.90,12.60,1640.00,1534.00
1305.00,12.60,1640.00,1534.00
1305.10,12.60,1640.00,1531.00
1305.20,12.60,1640.00,1531.00
1305.30,12.60,1640.00,1531.00
1305.40,12.40,1644.00,1534.00
1305.50,12.40,1644.00,1534.00
1305.60,12.40,1644.00,1675.00
1305.70,12.40,1522.00,1675.00
1305.80,12.40,1522.00,1675.00
1305.90,12.40,1522.00,1675.00
1306.00,12.40,1522.00,1675.00
1306.10,12.40,1522.00,1675.00
1306.20,12.40,1564.00,1479.00
1306.30,12.40,1564.00,1479.00
1306.40,12.30,1564.00,1479.00
1306.50,12.30,1682.00,1493.00
1306.60,12.30,1682.00,1493.00
1306.70,12.30,1682.00,1493.00
1306.80,12.30,1558.00,1580.00
1306.90,12.30,1558.00,1580.00
1307.00,12.30,1558.00,1534.00
1307.10,12.30,1552.00,1534.00
1307.20,12.30,1552.00,1534.00
1307.30,12.30,1552.00,1471.00
1307.40,12.40,1565.00,1471.00
1307.50,12.40,1565.00,1471.00
1307.60,12.40,1581.00,1422.00
1307.70,12.40,1581.00,1422.00
1307.80,12.40,1578.00,1387.00
1307.90,12.40,1578.00,1387.00
1308.00,12.40,1578.00,1387.00
1308.10,12.40,1560.00,1132.00
1308.20,12.40,1560.00,1132.00
1308.30,12.40,1560.00,1301.00
1308.40,12.40,1572.00,1301.00
1308.50,12.40,1572.00,1301.00
1308.60,12.40,1572.00,1792.00
1308.70,12.40,1582.00,1792.00
1308.80,12.40,1582.00,1792.00
1308.90,12.40,1588.00,5201.00
1309.00,12.40,1588.00,5201.00
1309.10,12.40,1588.00,5201.00
1309.20,12.40,1372.00,5201.00
1309.30,12.30,1372.00,5201.00
1309.40,12.30,1372.00,5201.00
1309.50,12.30,1616.00,5201.00
1309.60,12.30,1616.00,5201.00
1309.70,12.30,1616.00,5201.00
1309.80,12.30,1627.00,5201.00
1309.90,12.30,1627.00,5201.00
1310.00,12.30,1627.00,5201.00
1310.10,12.30,1639.00,5201.00
1310.20,12.30,1639.00,5201.00
1310.30,12.40,1641.00,5201.00
1310.40,12.40,1641.00,5201.00
1310.50,12.40,1641.00,5201.00
1310.60,12.40,1641.00,5201.00
1310.70,12.40,1641.00,5201.00
1310.80,12.40,1641.00,5201.00
1310.90,12.40,1643.00,5201.00
1311.00,12.40,1643.00,5201.00
1311.10,12.40,1643.00,5201.00
1311.20,12.40,1641.00,5201.00
1311.30,12.40,1641.00,5201.00
1311.40,12.40,1641.00,5201.00
1907.30,12.60,1529.00,2037.00
1907.40,12.60,1529.00,2044.00
1907.50,12.60,1529.00,2044.00
1907.60,12.60,1529.00,2044.00
1907.70,12.60,1529.00,2041.00
1907.80,12.60,1529.00,2041.00
1907.90,12.30,1529.00,2041.00
1908.00,12.30,1529.00,2035.00
1908.10,12.30,1529.00,2035.00
1908.20,12.30,1529.00,2035.00
1908.30,12.30,1524.00,2035.00
1908.40,12.30,1524.00,2035.00
1908.50,12.30,1524.00,2036.00
1908.60,12.30,1530.00,2036.00
1908.70,12.30,1530.00,2036.00
1908.80,12.30,1530.00,2351.00
1908.90,12.30,1535.00,2351.00
1909.00,12.30,1535.00,2351.00
1909.10,12.30,1545.00,1917.00
1909.20,12.30,1545.00,1917.00
1909.30,12.30,1545.00,1917.00
1909.40,12.30,1554.00,1851.00
1909.50,12.30,1554.00,1851.00
1909.60,12.30,1554.00,1851.00
1909.70,12.30,1563.00,1789.00
1909.80,12.30,1563.00,1789.00
1909.90,12.30,1563.00,1726.00
1910.00,12.30,1572.00,1726.00
1910.10,12.30,1572.00,1726.00
1910.20,12.30,1572.00,1663.00
1910.30,12.30,1581.00,1663.00
1910.40,12.30,1581.00,1663.00
1910.50,12.30,1590.00,1605.00
1910.60,12.30,1590.00,1605.00
1910.70,12.30,1590.00,1605.00
1910.80,12.30,1600.00,1547.00
1910.90,12.40,1600.00,1547.00
1911.00,12.40,1600.00,1547.00
1911.10,12.40,1609.00,1953.00
1911.20,12.40,1609.00,1953.00
1911.30,12.40,1609.00,1920.00
1911.40,12.40,1619.00,1920.00
1911.50,12.40,1619.00,1920.00
1911.60,12.40,1619.00,1878.00
1911.70,12.40,1628.00,1878.00
1911.80,12.40,1628.00,1878.00
1911.90,12.40,1636.00,5201.00
1912.00,12.40,1636.00,5201.00
1912.10,12.40,1636.00,5201.00
1912.20,12.40,1642.00,5201.00
1912.30,12.40,1642.00,5201.00
1912.40,12.40,1642.00,5201.00
1912.50,12.40,1633.00,5201.00
1912.60,12.40,1633.00,5201.00
1912.70,12.40,1633.00,5201.00
1912.80,12.40,1639.00,5201.00
1912.90,12.50,1639.00,5201.00
1913.00,12.50,1639.00,5201.00
1913.10,12.50,1640.00,5201.00
1913.20,12.50,1640.00,5201.00
1396.70,12.60,5201.00,2074.00
1396.80,12.60,5201.00,2062.00
1396.90,12.60,5201.00,2062.00
1397.00,12.60,5201.00,2062.00
1397.10,12.60,5201.00,2065.00
1397.20,12.60,5201.00,2065.00
1397.30,12.60,5201.00,2065.00
1397.40,12.60,5201.00,2059.00
1397.50,12.60,5201.00,2059.00
1397.60,12.60,5201.00,2059.00
1397.70,12.60,5201.00,2065.00
1397.80,12.60,5201.00,2065.00
1397.90,12.60,5201.00,2068.00
1398.00,12.60,5201.00,2068.00
1398.10,12.60,5201.00,2068.00
1398.20,12.60,5201.00,2063.00
1398.30,12.40,5201.00,2063.00
1398.40,12.40,5201.00,2063.00
1398.50,12.40,5201.00,2037.00
1398.60,12.40,5201.00,2037.00
1398.70,12.40,5201.00,2037.00
1398.80,12.40,5201.00,2009.00
1398.90,12.40,5201.00,2009.00
1399.00,12.40,5201.00,2009.00
1399.10,12.40,3636.00,1978.00
1399.20,12.40,3636.00,1978.00
1399.30,12.30,3636.00,1953.00
1399.40,12.30,3811.00,1953.00
1399.50,12.30,3811.00,1953.00
1399.60,12.30,3811.00,1934.00
1399.70,12.30,5201.00,1934.00
1399.80,12.30,5201.00,1934.00
1399.90,12.30,5201.00,1917.00
1400.00,12.30,5201.00,1917.00
1400.10,12.30,5201.00,1917.00
1400.20,12.30,5201.00,1886.00
1400.30,12.30,5201.00,1886.00
1400.40,12.30,5201.00,1886.00
1400.50,12.30,5201.00,1864.00
1400.60,12.30,5201.00,1864.00
1400.70,12.30,5201.00,1844.00
1400.80,12.30,5201.00,1844.00
1400.90,12.30,5201.00,1844.00
1401.00,12.30,5201.00,1817.00
1401.10,12.30,5201.00,1817.00
1401.20,12.30,5201.00,1817.00
1401.30,12.40,5201.00,1796.00
1401.40,12.40,5201.00,1796.00
1401.50,12.40,5201.00,1796.00
1401.60,12.40,5201.00,1776.00
1401.70,12.40,5201.00,1776.00
1401.80,12.40,5201.00,1776.00
1401.90,12.40,5201.00,1757.00
1402.00,12.40,5201.00,1757.00
1402.10,12.40,5201.00,1737.00
1402.20,12.40,5201.00,1737.00
1402.30,12.30,5201.00,1737.00
1402.40,12.30,5201.00,1727.00
1402.50,12.30,5201.00,1727.00
1402.60,12.30,5201.00,1727.00
1402.70,12.30,5201.00,1713.00
1402.80,12.30,5201.00,1713.00
1402.90,12.30,5201.00,1713.00
1403.00,12.30,5201.00,1695.00
1403.10,12.30,5201.00,1695.00
1403.20,12.30,5201.00,1695.00
1403.30,12.60,5201.00,1690.00
1403.40,12.60,5201.00,1690.00
1403.50,12.60,5201.00,1691.00
1403.60,12.60,5201.00,1691.00
1403.70,12.60,5201.00,1691.00
1403.80,12.60,5201.00,1690.00
1403.90,12.60,5201.00,1690.00
1404.00,12.60,5201.00,1690.00
1404.10,12.60,5201.00,1691.00
1404.20,12.60,5201.00,1691.00
1404.30,12.40,5201.00,1691.00
1404.40,12.40,5201.00,1691.00
1404.50,12.40,5201.00,1691.00
1404.60,12.40,5201.00,1691.00
1821.10,11.80,1195.00,5201.00
1821.20,11.80,1195.00,5201.00
1821.30,11.80,1195.00,5201.00
1821.40,11.80,1192.00,5201.00
1821.50,11.80,1192.00,5201.00
1821.60,11.80,1192.00,5201.00
1821.70,11.80,1192.00,5201.00
1821.80,11.80,1192.00,5201.00
1821.90,11.80,1192.00,5201.00
1822.00,11.80,1192.00,5201.00
1822.10,11.80,1192.00,5201.00
1822.20,11.80,1192.00,5201.00
1822.30,11.80,1192.00,5201.00
1822.40,11.80,1192.00,5201.00
1822.50,11.80,1192.00,3510.00
1822.60,11.80,1192.00,3510.00
1822.70,11.80,1192.00,2826.00
1822.80,11.80,1198.00,2826.00
1822.90,11.80,1198.00,2826.00
1823.00,11.80,1198.00,5201.00
1823.10,11.60,1950.00,5201.00
1823.20,11.60,1950.00,5201.00
1823.30,11.60,3380.00,2617.00
1823.40,11.60,3380.00,2617.00
1823.50,11.60,3380.00,2617.00
1823.60,11.60,5201.00,2423.00
1823.70,11.60,5201.00,2423.00
1823.80,11.60,5201.00,2423.00
1823.90,11.60,5201.00,2264.00
1824.00,11.60,5201.00,2264.00
1824.10,11.60,5201.00,2204.00
1824.20,11.60,1246.00,2204.00
1824.30,11.60,1246.00,2204.00
1824.40,11.60,1246.00,2138.00
1824.50,11.60,5201.00,2138.00
1824.60,11.60,5201.00,2138.00
1824.70,11.60,5201.00,2075.00
1824.80,11.60,5201.00,2075.00
1824.90,11.60,5201.00,2075.00
1825.00,11.60,5201.00,2017.00
1825.10,11.60,5201.00,2017.00
1825.20,11.60,5201.00,2017.00
1825.30,11.60,5201.00,2052.00
1825.40,11.60,5201.00,2052.00
1825.50,11.60,5201.00,2026.00
1825.60,11.60,5201.00,2026.00
1825.70,11.60,5201.00,2026.00
1825.80,11.60,5201.00,1969.00
1825.90,11.60,5201.00,1969.00
1826.00,11.60,5201.00,1969.00
1826.10,11.60,5201.00,1000.00
1826.20,11.60,5201.00,1000.00
1826.30,11.60,5201.00,1000.00
1826.40,11.60,5201.00,1885.00
1826.50,11.60,5201.00,1885.00
1826.60,11.60,5201.00,1885.00
1826.70,11.60,5201.00,970.00
1826.80,11.60,5201.00,970.00
1826.90,11.60,5201.00,974.00
1827.00,11.60,5201.00,974.00
1827.10,11.80,5201.00,974.00
1827.20,11.80,5201.00,971.00
1827.30,11.80,5201.00,971.00
1827.40,11.80,5201.00,971.00
1827.50,11.80,5201.00,1882.00
2160.00,12.30,1491.00,2070.00
2160.10,12.30,1491.00,2070.00
2160.20,12.30,1484.00,2066.00
2160.30,12.30,1484.00,2066.00
2160.40,12.30,1484.00,2067.00
2160.50,12.30,1490.00,2067.00
2160.60,12.30,1490.00,2067.00
2160.70,12.30,1490.00,2070.00
2160.80,12.50,1491.00,2070.00
2160.90,12.50,1491.00,2070.00
2161.00,12.50,1490.00,2070.00
2161.10,12.50,1490.00,2070.00
2161.20,12.50,1490.00,2070.00
2161.30,12.50,1494.00,2063.00
2161.40,12.50,1494.00,2063.00
2161.50,12.50,1494.00,2063.00
2161.60,12.50,1500.00,2002.00
2161.70,12.50,1500.00,2002.00
2161.80,12.30,1500.00,1947.00
2161.90,12.30,1507.00,1947.00
2162.00,12.30,1507.00,1947.00
2162.10,12.30,1507.00,1900.00
2162.20,12.30,1517.00,1900.00
2162.30,12.30,1517.00,1900.00
2162.40,12.30,1531.00,1864.00
2162.50,12.30,1531.00,1864.00
2162.60,12.30,1531.00,1864.00
2162.70,12.30,1543.00,1746.00
2162.80,12.40,1543.00,1746.00
2162.90,12.40,1543.00,1746.00
2163.00,12.40,1556.00,1670.00
2163.10,12.40,1556.00,1670.00
2163.20,12.40,1556.00,1623.00
2163.30,12.40,1568.00,1623.00
2163.40,12.40,1568.00,1623.00
2163.50,12.40,1568.00,1571.00
2163.60,12.40,1582.00,1571.00
2163.70,12.40,1582.00,1571.00
2163.80,12.30,1593.00,1511.00
2163.90,12.30,1593.00,1511.00
2164.00,12.30,1593.00,1511.00
2164.10,12.30,1602.00,1473.00
2164.20,12.30,1602.00,1473.00
2164.30,12.30,1602.00,1473.00
2164.40,12.30,1609.00,1909.00
2164.50,12.30,1609.00,1909.00
2164.60,12.30,1609.00,1874.00
2164.70,12.30,1614.00,1874.00
2164.80,12.60,1614.00,1874.00
2164.90,12.60,1614.00,1876.00
2165.00,12.60,1615.00,1876.00
2165.10,12.60,1615.00,1876.00
2165.20,12.60,1614.00,1876.00
2165.30,12.60,1614.00,1876.00
2165.40,12.60,1614.00,1876.00
2165.50,12.60,1615.00,1876.00
2165.60,12.60,1615.00,1876.00
2165.70,12.60,1615.00,1876.00
2165.80,12.30,1615.00,1878.00
1204.90,12.70,1888.00,2424.00
1205.00,12.70,1888.00,2424.00
1205.10,12.70,1888.00,2424.00
1205.20,12.70,1888.00,2434.00
1205.30,12.70,1887.00,2434.00
1205.40,12.70,1887.00,2434.00
1205.50,12.70,1887.00,2434.00
1205.60,12.70,1888.00,2434.00
1205.70,12.70,1888.00,2434.00
1205.80,12.70,1888.00,2431.00
1205.90,12.70,1888.00,2431.00
1206.00,12.70,1888.00,2431.00
1206.10,12.70,1888.00,2402.00
1206.20,12.70,1888.00,2402.00
1206.30,12.70,1888.00,2402.00
1206.40,12.70,1882.00,2040.00
1206.50,12.70,1882.00,2040.00
1206.60,12.70,1882.00,2435.00
1206.70,12.70,1487.00,2435.00
1206.80,12.70,1487.00,2435.00
1206.90,12.70,1487.00,1353.00
1207.00,12.70,1863.00,1353.00
1207.10,12.70,1863.00,1353.00
1207.20,12.70,1874.00,2097.00
1207.30,12.70,1874.00,2097.00
1207.40,12.70,1874.00,2097.00
1207.50,12.70,1175.00,3373.00
1207.60,12.70,1175.00,3373.00
1207.70,12.60,1175.00,3373.00
1207.80,12.60,1873.00,1463.00
1207.90,12.60,1873.00,1463.00
1208.00,12.60,1873.00,3433.00
1208.10,12.60,1577.00,3433.00
1208.20,12.60,1577.00,3433.00
1208.30,12.60,1577.00,1500.00
1208.40,12.60,1881.00,1500.00
1208.50,12.60,1881.00,1500.00
1208.60,12.60,1894.00,3629.00
1208.70,12.70,1894.00,3629.00
1208.80,12.70,1894.00,3629.00
1208.90,12.70,1892.00,2578.00
1209.00,12.70,1892.00,2578.00
1209.10,12.70,1892.00,2578.00
1209.20,12.70,1599.00,2702.00
1209.30,12.70,1599.00,2702.00
1209.40,12.70,1599.00,2793.00
1209.50,12.70,1965.00,2793.00
1209.60,12.70,1965.00,2793.00
1209.70,12.70,1965.00,2885.00
1209.80,12.70,2981.00,2885.00
1209.90,12.70,2981.00,2885.00
1210.00,12.70,5201.00,5201.00
1210.10,12.70,5201.00,5201.00
1210.20,12.70,5201.00,5201.00
1210.30,12.70,5201.00,5201.00
1210.40,12.70,5201.00,5201.00
1210.50,12.70,5201.00,5201.00
1210.60,12.70,5201.00,5201.00
1210.70,12.30,5201.00,5201.00
1210.80,12.30,5201.00,5201.00
1210.90,12.30,5201.00,5201.00
1211.00,12.30,5201.00,5201.00
1211.10,12.30,5201.00,5201.00
1211.20,12.30,5201.00,5201.00
429.20,12.40,1093.00,1461.00
429.30,12.80,1093.00,1461.00
429.40,12.80,1093.00,1461.00
429.50,12.80,1093.00,1461.00
429.60,12.80,1093.00,1461.00
429.70,12.80,1093.00,1458.00
429.80,12.80,1093.00,1458.00
429.90,12.80,1093.00,1458.00
430.00,12.80,1093.00,1461.00
430.10,12.80,1093.00,1461.00
430.20,12.80,1093.00,1458.00
430.30,12.80,1093.00,1458.00
430.40,12.80,1093.00,1458.00
430.50,12.80,1093.00,1452.00
430.60,12.80,1094.00,1452.00
430.70,12.80,1094.00,1452.00
430.80,12.80,1095.00,1422.00
430.90,12.80,1095.00,1422.00
431.00,12.80,1095.00,1422.00
431.10,12.80,1104.00,1712.00
431.20,12.80,1104.00,1712.00
431.30,12.50,1104.00,1712.00
431.40,12.50,1118.00,1657.00
431.50,12.50,1118.00,1657.00
431.60,12.50,1118.00,2656.00
431.70,12.50,855.00,2656.00
431.80,12.50,855.00,2656.00
431.90,12.50,855.00,2797.00
432.00,12.50,855.00,2797.00
432.10,12.50,855.00,2797.00
432.20,12.50,815.00,2757.00
432.30,12.50,815.00,2757.00
432.40,12.50,815.00,2757.00
432.50,12.50,817.00,2698.00
432.60,12.50,817.00,2698.00
432.70,12.50,817.00,2698.00
432.80,12.50,822.00,2645.00
432.90,12.50,822.00,2645.00
433.00,12.50,822.00,2615.00
433.10,12.50,826.00,2615.00
433.20,12.50,826.00,2615.00
433.30,12.50,826.00,2607.00
433.40,12.50,827.00,2607.00
433.50,12.50,827.00,2607.00
433.60,12.50,827.00,2608.00
433.70,12.50,827.00,2608.00
433.80,12.50,827.00,2608.00
433.90,12.50,827.00,2611.00
434.00,12.50,827.00,2611.00
998.30,12.30,1041.00,1462.00
998.40,12.30,1041.00,1461.00
998.50,12.30,1042.00,1461.00
998.60,12.30,1042.00,1461.00
998.70,12.30,1042.00,1465.00
998.80,12.70,1042.00,1465.00
998.90,12.70,1042.00,1465.00
999.00,12.70,1042.00,1461.00
999.10,12.70,1042.00,1461.00
999.20,12.70,1042.00,1461.00
999.30,12.70,1042.00,1465.00
999.40,12.70,1042.00,1465.00
999.50,12.70,1042.00,1462.00
999.60,12.70,1042.00,1462.00
999.70,12.70,1042.00,1462.00
999.80,12.70,1042.00,1429.00
999.90,12.70,1037.00,1429.00
1000.00,12.70,1037.00,1429.00
1000.10,12.70,1036.00,1438.00
1000.20,12.70,1036.00,1438.00
1000.30,12.70,1036.00,1438.00
1000.40,12.70,1036.00,1465.00
1000.50,12.70,1036.00,1465.00
1000.60,12.70,1036.00,1465.00
1000.70,12.70,1036.00,1465.00
1000.80,12.50,1036.00,1465.00
1000.90,12.50,1036.00,1544.00
1001.00,12.50,1036.00,1544.00
1001.10,12.50,1036.00,1544.00
1001.20,12.50,1036.00,1555.00
1001.30,12.50,1037.00,1555.00
1001.40,12.50,1037.00,1555.00
1001.50,12.50,1036.00,1555.00
1001.60,12.50,1036.00,1555.00
1001.70,12.50,1036.00,1555.00
1001.80,12.40,1036.00,1555.00
1001.90,12.40,1036.00,1555.00
1002.00,12.40,1036.00,1555.00
1002.10,12.40,1036.00,1556.00
1002.20,12.40,1036.00,1556.00
1002.30,12.40,1036.00,1546.00
1002.40,12.40,1036.00,1546.00
1002.50,12.40,1036.00,1546.00
1002.60,12.40,1036.00,1547.00
1002.70,12.40,1036.00,1547.00
1002.80,12.70,1036.00,1547.00
1002.90,12.70,1036.00,1547.00
1003.00,12.70,1036.00,1547.00
1003.10,12.70,1036.00,1547.00
1003.20,12.70,1036.00,1548.00
1003.30,12.70,1036.00,1548.00
1003.40,12.70,1036.00,1548.00
1003.50,12.70,1037.00,1548.00
1003.60,12.70,1037.00,1548.00
1003.70,12.70,1037.00,1547.00
1003.80,12.50,1036.00,1547.00
1003.90,12.50,1036.00,1547.00
1004.00,12.50,1036.00,1547.00
1004.10,12.50,1036.00,1547.00
1004.20,12.50,1036.00,1547.00
326.90,11.40,1131.00,5201.00
327.00,11.40,1131.00,5201.00
327.10,11.40,1131.00,5201.00
327.20,11.40,1132.00,5201.00
327.30,11.40,1132.00,5201.00
327.40,11.40,1132.00,5201.00
327.50,11.40,1132.00,5201.00
327.60,11.40,1132.00,5201.00
327.70,11.40,1131.00,5201.00
327.80,12.00,1131.00,5201.00
327.90,12.00,1131.00,5201.00
328.00,12.00,1131.00,5201.00
328.10,12.00,1131.00,5201.00
328.20,12.00,1131.00,5201.00
328.30,12.00,1130.00,5201.00
328.40,12.00,1130.00,5201.00
328.50,12.00,1130.00,5201.00
328.60,12.00,1124.00,5201.00
328.70,12.00,1124.00,5201.00
328.80,11.90,1120.00,3205.00
328.90,11.90,1120.00,3205.00
329.00,11.90,1120.00,3205.00
329.10,11.90,1100.00,5201.00
329.20,11.90,1100.00,5201.00
329.30,11.90,1100.00,5201.00
329.40,11.90,1108.00,2642.00
329.50,11.90,1108.00,2642.00
329.60,11.90,1108.00,1996.00
329.70,11.90,1102.00,1996.00
329.80,11.90,1102.00,1996.00
329.90,11.90,1102.00,1996.00
330.00,11.70,1096.00,1996.00
330.10,11.70,1096.00,1996.00
330.20,11.70,1091.00,5201.00
330.30,11.70,1091.00,5201.00
330.40,11.70,1091.00,5201.00
330.50,11.70,1087.00,5201.00
330.60,11.70,1087.00,5201.00
330.70,11.70,1087.00,5201.00
330.80,12.00,1086.00,5201.00
330.90,12.00,1086.00,5201.00
331.00,12.00,1086.00,5201.00
331.10,12.00,1079.00,5201.00
331.20,12.00,1079.00,5201.00
331.30,12.00,1079.00,5201.00
331.40,12.00,1086.00,5201.00
331.50,12.00,1086.00,5201.00
331.60,12.00,1086.00,5201.00
331.70,12.00,1086.00,5201.00
773.40,12.50,1148.00,2933.00
773.50,12.50,1148.00,2933.00
773.60,12.50,1148.00,2933.00
773.70,12.50,1148.00,2933.00
773.80,12.50,1148.00,2933.00
773.90,12.70,1148.00,2933.00
774.00,12.70,1146.00,2932.00
774.10,12.70,1146.00,2932.00
774.20,12.70,1146.00,2933.00
774.30,12.70,1146.00,2933.00
774.40,12.70,1146.00,2933.00
774.50,12.70,1146.00,2936.00
774.60,12.70,1146.00,2936.00
774.70,12.70,1146.00,2936.00
774.80,12.70,1169.00,2930.00
774.90,12.40,1169.00,2930.00
775.00,12.40,1169.00,2930.00
775.10,12.40,1161.00,3085.00
775.20,12.40,1161.00,3085.00
775.30,12.40,1161.00,3085.00
775.40,12.40,1146.00,3018.00
775.50,12.40,1146.00,3018.00
775.60,12.40,1146.00,2941.00
775.70,12.40,1108.00,2941.00
775.80,12.40,1108.00,2941.00
775.90,12.30,1108.00,2926.00
776.00,12.30,1117.00,2926.00
776.10,12.30,1117.00,2926.00
776.20,12.30,796.00,2866.00
776.30,12.30,796.00,2866.00
776.40,12.30,796.00,2866.00
776.50,12.30,794.00,2994.00
776.60,12.30,794.00,2994.00
776.70,12.30,794.00,2994.00
776.80,12.30,799.00,3069.00
776.90,12.30,799.00,3069.00
777.00,12.30,799.00,5201.00
777.10,12.30,801.00,5201.00
777.20,12.30,801.00,5201.00
777.30,12.30,801.00,5201.00
777.40,12.30,801.00,5201.00
777.50,12.30,801.00,5201.00
777.60,12.30,801.00,5201.00
777.70,12.30,801.00,5201.00
777.80,12.30,801.00,5201.00
777.90,12.70,801.00,5201.00
778.00,12.70,801.00,5201.00
778.10,12.70,801.00,5201.00
778.20,12.70,801.00,5201.00
778.30,12.70,801.00,5201.00
778.40,12.70,801.00,5201.00
1451.40,12.60,5201.00,1691.00
1451.50,12.60,5201.00,1691.00
1451.60,12.60,5201.00,1691.00
1451.70,12.60,5201.00,1691.00
1451.80,12.60,5201.00,1691.00
1451.90,12.60,5201.00,1691.00
1452.00,12.60,5201.00,1691.00
1452.10,12.60,5201.00,1691.00
1452.20,12.40,5201.00,1691.00
1452.30,12.40,5201.00,1691.00
1452.40,12.40,5201.00,1691.00
1452.50,12.40,5201.00,1691.00
1452.60,12.40,5201.00,1691.00
1452.70,12.40,5201.00,1688.00
1452.80,12.40,5201.00,1688.00
1452.90,12.40,5201.00,1688.00
1453.00,12.40,5201.00,1670.00
1453.10,12.40,5201.00,1670.00
1453.20,12.40,5201.00,1670.00
1453.30,12.40,5201.00,1651.00
1453.40,12.40,5201.00,1651.00
1453.50,12.40,5201.00,1651.00
1453.60,12.40,5201.00,1636.00
1453.70,12.40,5201.00,1636.00
1453.80,12.40,5201.00,5201.00
1453.90,12.40,5201.00,5201.00
1454.00,12.40,5201.00,5201.00
1454.10,12.40,5201.00,5201.00
1454.20,12.30,5201.00,5201.00
1454.30,12.30,5201.00,5201.00
1454.40,12.30,5201.00,5201.00
1454.50,12.30,5201.00,5201.00
1454.60,12.30,5201.00,5201.00
1454.70,12.30,5201.00,5201.00
1454.80,12.30,5201.00,5201.00
1454.90,12.30,5201.00,5201.00
1455.00,12.30,5201.00,5201.00
1455.10,12.30,5201.00,5201.00
1455.20,12.40,5201.00,5201.00
1455.30,12.40,5201.00,5201.00
1455.40,12.40,5201.00,5201.00
1455.50,12.40,5201.00,5201.00
1455.60,12.40,5201.00,5201.00
1455.70,12.40,5201.00,5201.00
1455.80,12.40,5201.00,5201.00
1455.90,12.40,5201.00,5201.00
1456.00,12.40,5201.00,5201.00
1456.10,12.40,5201.00,5201.00
1456.20,12.60,5201.00,5201.00
1456.30,12.60,5201.00,5201.00
1456.40,12.60,5201.00,5201.00
2653.20,12.50,5201.00,1764.00
2653.30,12.50,5201.00,1762.00
2653.40,12.50,5201.00,1762.00
2653.50,12.50,5201.00,1762.00
2653.60,12.50,5201.00,1758.00
2653.70,12.50,5201.00,1758.00
2653.80,12.50,5201.00,1758.00
2653.90,12.50,5201.00,1765.00
2654.00,12.50,5201.00,1765.00
2654.10,12.50,5201.00,1765.00
2654.20,12.50,5201.00,1761.00
2654.30,12.50,5201.00,1761.00
2654.40,12.50,5201.00,1754.00
2654.50,12.50,3231.00,1754.00
2654.60,12.30,3231.00,1754.00
2654.70,12.30,3231.00,1724.00
2654.80,12.30,5201.00,1724.00
2654.90,12.30,5201.00,1724.00
2655.00,12.30,3230.00,1703.00
2655.10,12.30,3230.00,1703.00
2655.20,12.30,3230.00,1703.00
2655.30,12.30,5201.00,1665.00
2655.40,12.30,5201.00,1665.00
2655.50,12.30,5201.00,1665.00
2655.60,12.30,3327.00,1655.00
2655.70,12.30,3327.00,1655.00
2655.80,12.30,3327.00,1645.00
2655.90,12.30,3413.00,1645.00
2656.00,12.30,3413.00,1645.00
2656.10,12.30,3413.00,1619.00
2656.20,12.30,3690.00,1619.00
2656.30,12.30,3690.00,1619.00
2656.40,12.30,3164.00,1602.00
2656.50,12.30,3164.00,1602.00
2656.60,12.30,3164.00,1602.00
2656.70,12.30,5201.00,1583.00
2656.80,12.30,5201.00,1583.00
2656.90,12.30,5201.00,1583.00
2657.00,12.30,5201.00,1589.00
2657.10,12.30,5201.00,1589.00
2657.20,12.30,5201.00,1587.00
2657.30,12.30,5201.00,1587.00
2657.40,12.30,5201.00,1587.00
2657.50,12.30,5201.00,1583.00
2657.60,12.00,5201.00,1583.00
2657.70,12.00,5201.00,1583.00
2657.80,12.00,5201.00,1587.00
2657.90,12.00,5201.00,1587.00
2658.00,12.00,5201.00,1587.00
2658.10,12.00,5201.00,1586.00
2658.20,12.00,5201.00,1586.00
248.90,12.70,1132.00,5201.00
249.00,12.70,1132.00,5201.00
249.10,12.70,1132.00,5201.00
249.20,12.70,1132.00,5201.00
249.30,12.70,1132.00,5201.00
249.40,12.70,1132.00,5201.00
249.50,12.70,1132.00,5201.00
249.60,12.70,1132.00,5201.00
249.70,12.70,1132.00,5201.00
249.80,12.70,1128.00,5201.00
249.90,12.70,1128.00,5201.00
250.00,12.70,1132.00,5201.00
250.10,12.70,1132.00,5201.00
250.20,12.30,1132.00,5201.00
250.30,12.30,1132.00,5201.00
250.40,12.30,1132.00,5201.00
250.50,12.30,1132.00,5201.00
250.60,12.30,1131.00,5201.00
250.70,12.30,1131.00,5201.00
250.80,12.30,1131.00,5201.00
250.90,12.30,1135.00,5201.00
251.00,12.30,1135.00,5201.00
251.10,12.30,1135.00,2824.00
251.20,12.30,1118.00,2824.00
251.30,12.30,1118.00,2824.00
251.40,12.30,1110.00,2964.00
251.50,12.30,1110.00,2964.00
251.60,12.30,1110.00,2964.00
251.70,12.30,746.00,5201.00
251.80,12.30,746.00,5201.00
251.90,12.30,746.00,5201.00
252.00,12.30,741.00,5201.00
252.10,12.30,741.00,5201.00
252.20,12.40,741.00,5201.00
252.30,12.40,761.00,5201.00
252.40,12.40,761.00,5201.00
252.50,12.40,761.00,5201.00
252.60,12.40,940.00,5201.00
252.70,12.40,940.00,5201.00
252.80,12.40,934.00,5201.00
252.90,12.40,934.00,5201.00
253.00,12.40,934.00,5201.00
253.10,12.40,936.00,5201.00
253.20,12.30,936.00,5201.00
253.30,12.30,936.00,5201.00
253.40,12.30,943.00,5201.00
253.50,12.30,943.00,5201.00
253.60,12.30,943.00,5201.00
253.70,12.30,967.00,5201.00
253.80,12.30,967.00,5201.00
253.90,12.30,967.00,5201.00
254.00,12.30,1409.00,5201.00
254.10,12.30,1409.00,5201.00
254.20,12.40,1391.00,5201.00
254.30,12.40,1391.00,5201.00
254.40,12.40,1391.00,5201.00
254.50,12.40,1381.00,5201.00
254.60,12.40,1381.00,5201.00
254.70,12.40,1381.00,5201.00
254.80,12.40,1370.00,5201.00
254.90,12.40,1370.00,5201.00
255.00,12.40,1370.00,5201.00
255.10,12.40,1380.00,5201.00
255.20,12.70,1380.00,5201.00
255.30,12.70,1380.00,5201.00
255.40,12.70,1380.00,5201.00
255.50,12.70,1380.00,5201.00
255.60,12.70,1380.00,5201.00
1331.70,12.70,3126.00,3082.00
1331.80,12.70,3134.00,3089.00
1331.90,12.70,3134.00,3089.00
1332.00,12.70,3134.00,3089.00
1332.10,12.70,3138.00,3092.00
1332.20,12.70,3138.00,3092.00
1332.30,12.70,3138.00,3092.00
1332.40,12.70,3105.00,3089.00
1332.50,12.70,3105.00,3089.00
1332.60,12.70,3105.00,3093.00
1332.70,12.70,3123.00,3093.00
1332.80,12.70,3123.00,3093.00
1332.90,12.70,3123.00,3057.00
1333.00,12.70,3007.00,3057.00
1333.10,12.70,3007.00,3057.00
1333.20,12.70,3110.00,3092.00
1333.30,12.70,3110.00,3092.00
1333.40,12.70,3110.00,3092.00
1333.50,12.70,3142.00,3046.00
1333.60,12.70,3142.00,3046.00
1333.70,12.40,3142.00,3046.00
1333.80,12.40,3172.00,3024.00
1333.90,12.40,3172.00,3024.00
1334.00,12.40,3172.00,2993.00
1334.10,12.40,3737.00,2993.00
1334.20,12.40,3737.00,2993.00
1334.30,12.40,3737.00,2955.00
1334.40,12.40,2361.00,2955.00
1334.50,12.40,2361.00,2955.00
1334.60,12.40,943.00,2873.00
1334.70,12.40,943.00,2873.00
1334.80,12.40,943.00,2873.00
1334.90,12.40,919.00,2901.00
1335.00,12.40,919.00,2901.00
1335.10,12.40,919.00,2901.00
1335.20,12.40,881.00,2865.00
1335.30,12.40,881.00,2865.00
1335.40,12.40,881.00,2850.00
1335.50,12.40,873.00,2850.00
1335.60,12.40,873.00,2850.00
1335.70,12.40,873.00,2831.00
1335.80,12.40,880.00,2831.00
1335.90,12.40,880.00,2831.00
1336.00,12.40,880.00,2747.00
1336.10,12.40,880.00,2747.00
1336.20,12.40,880.00,2747.00
1336.30,12.40,874.00,2273.00
1336.40,12.40,874.00,2273.00
1336.50,12.40,874.00,2273.00
1336.60,12.40,871.00,2746.00
1336.70,12.50,871.00,2746.00
1336.80,12.50,871.00,2745.00
1336.90,12.50,871.00,2745.00
1337.00,12.50,871.00,2745.00
1337.10,12.50,871.00,2751.00
1337.20,12.50,871.00,2751.00
1337.30,12.50,871.00,2751.00
1337.40,12.50,871.00,2745.00
1337.50,12.50,871.00,2745.00
1337.60,12.50,871.00,2745.00
1337.70,12.70,871.00,2745.00
1337.80,12.70,871.00,2745.00
1337.90,12.70,871.00,2745.00
1338.00,12.70,871.00,2751.00
2440.20,12.50,1488.00,1883.00
2440.30,12.50,1488.00,1879.00
2440.40,12.50,1488.00,1879.00
2440.50,12.50,1488.00,1879.00
2440.60,12.50,1488.00,1883.00
2440.70,12.50,1488.00,1883.00
2440.80,12.50,1488.00,1883.00
2440.90,12.50,1488.00,1882.00
2441.00,12.50,1488.00,1882.00
2441.10,12.50,1488.00,1882.00
2441.20,12.50,1488.00,1880.00
2441.30,12.50,1488.00,1880.00
2441.40,12.50,1488.00,1880.00
2441.50,12.50,1489.00,1886.00
2441.60,12.50,1489.00,1886.00
2441.70,12.00,1489.00,1830.00
2441.80,12.00,1500.00,1830.00
2441.90,12.00,1500.00,1830.00
2442.00,12.00,1500.00,1768.00
2442.10,12.00,1513.00,1768.00
2442.20,12.00,1513.00,1768.00
2442.30,12.00,1528.00,1664.00
2442.40,12.00,1528.00,1664.00
2442.50,12.00,1528.00,1664.00
2442.60,12.00,1541.00,1622.00
2442.70,12.30,1541.00,1622.00
2442.80,12.30,1541.00,1622.00
2442.90,12.30,1553.00,1562.00
2443.00,12.30,1553.00,1562.00
2443.10,12.30,1553.00,1503.00
2443.20,12.30,1561.00,1503.00
2443.30,12.30,1561.00,1503.00
2443.40,12.30,1561.00,1452.00
2443.50,12.30,1571.00,1452.00
2443.60,12.30,1571.00,1452.00
2443.70,12.30,1583.00,1436.00
2443.80,12.30,1583.00,1436.00
2443.90,12.30,1583.00,1436.00
2444.00,12.30,1599.00,1847.00
2444.10,12.30,1599.00,1847.00
2444.20,12.30,1599.00,1847.00
2444.30,12.30,1594.00,1790.00
2444.40,12.30,1594.00,1790.00
2444.50,12.30,1594.00,1801.00
2444.60,12.30,1599.00,1801.00
2444.70,11.90,1599.00,1801.00
2444.80,11.90,1599.00,1784.00
2444.90,11.90,1599.00,1784.00
2445.00,11.90,1599.00,1784.00
2445.10,11.90,1599.00,1792.00
2445.20,11.90,1599.00,1792.00
2445.30,11.90,1599.00,1792.00
2445.40,11.90,1599.00,1781.00
2445.50,11.90,1599.00,1781.00
2445.60,11.90,1599.00,1781.00
2445.70,12.50,1599.00,1783.00
2445.80,12.50,1599.00,1783.00
2445.90,12.50,1599.00,1780.00
2446.00,12.50,1599.00,1780.00
2446.10,12.50,1599.00,1780.00
2446.20,12.50,1599.00,1784.00
2446.30,12.50,1599.00,1784.00
2446.40,12.50,1599.00,1784.00
1485.10,12.70,917.00,1962.00
1485.20,12.70,917.00,1962.00
1485.30,12.70,917.00,1962.00
1485.40,12.70,917.00,1962.00
1485.50,12.70,917.00,1962.00
1485.60,12.70,917.00,1962.00
1485.70,12.70,917.00,1961.00
1485.80,12.70,917.00,1961.00
1485.90,12.70,917.00,1961.00
1486.00,12.70,917.00,1958.00
1486.10,12.70,917.00,1958.00
1486.20,12.70,917.00,1958.00
1486.30,12.70,917.00,1961.00
1486.40,12.70,917.00,1961.00
1486.50,12.70,917.00,1978.00
1486.60,12.40,918.00,1978.00
1486.70,12.40,918.00,1978.00
1486.80,12.40,918.00,2011.00
1486.90,12.40,920.00,2011.00
1487.00,12.40,920.00,2011.00
1487.10,12.40,926.00,2040.00
1487.20,12.40,926.00,2040.00
1487.30,12.40,926.00,2040.00
1487.40,12.40,933.00,2077.00
1487.50,12.40,933.00,2077.00
1487.60,12.70,933.00,2077.00
1487.70,12.70,943.00,2110.00
1487.80,12.70,943.00,2110.00
1487.90,12.70,943.00,2144.00
1488.00,12.70,1189.00,2144.00
1488.10,12.70,1189.00,2144.00
1488.20,12.70,1189.00,2204.00
1488.30,12.70,1195.00,2204.00
1488.40,12.70,1195.00,2204.00
1488.50,12.70,1190.00,5201.00
1488.60,12.70,1190.00,5201.00
1488.70,12.70,1190.00,5201.00
1488.80,12.70,1184.00,5201.00
1488.90,12.70,1184.00,5201.00
1489.00,12.70,1184.00,5201.00
1489.10,12.70,1183.00,5201.00
1489.20,12.70,1183.00,5201.00
1489.30,12.70,1183.00,5201.00
1489.40,12.70,1186.00,5201.00
1489.50,12.70,1186.00,5201.00
1489.60,12.40,1186.00,5201.00
1489.70,12.40,1195.00,5201.00
1489.80,12.40,1195.00,5201.00
1489.90,12.40,1208.00,5201.00
1490.00,12.40,1208.00,5201.00
1490.10,12.40,1208.00,5201.00
1490.20,12.40,1258.00,5201.00
1490.30,12.40,1258.00,5201.00
1490.40,12.40,1258.00,5201.00
1490.50,12.40,1268.00,5201.00
1490.60,12.70,1268.00,5201.00
1490.70,12.70,1268.00,5201.00
1490.80,12.70,1267.00,5201.00
1490.90,12.70,1267.00,5201.00
1491.00,12.70,1267.00,5201.00
2947.20,11.70,1334.00,5201.00
2947.30,11.70,1334.00,5201.00
2947.40,11.70,1334.00,5201.00
2947.50,11.70,1334.00,5201.00
2947.60,11.50,1335.00,5201.00
2947.70,11.50,1335.00,5201.00
2947.80,11.50,1335.00,5201.00
2947.90,11.50,1334.00,5201.00
2948.00,11.50,1334.00,5201.00
2948.10,11.50,1334.00,5201.00
2948.20,11.50,1335.00,5201.00
2948.30,11.50,1335.00,5201.00
2948.40,11.50,1335.00,2825.00
2948.50,11.50,1335.00,2825.00
2948.60,11.40,1335.00,2825.00
2948.70,11.40,1332.00,5201.00
2948.80,11.40,1332.00,5201.00
2948.90,11.40,1332.00,5201.00
2949.00,11.40,1332.00,5201.00
2949.10,11.40,1332.00,5201.00
2949.20,11.40,1332.00,5201.00
2949.30,11.40,1333.00,5201.00
2949.40,11.40,1333.00,5201.00
2949.50,11.40,1333.00,3181.00
2949.60,11.50,1336.00,3181.00
2949.70,11.50,1336.00,3181.00
2949.80,11.50,1339.00,3564.00
2949.90,11.50,1339.00,3564.00
2950.00,11.50,1339.00,3564.00
2950.10,11.50,1342.00,3428.00
2950.20,11.50,1342.00,3428.00
2950.30,11.50,1342.00,3428.00
2950.40,11.50,1346.00,3051.00
2950.50,11.50,1346.00,3051.00
2950.60,11.50,1346.00,5201.00
2950.70,11.50,1350.00,5201.00
2950.80,11.50,1350.00,5201.00
2950.90,11.50,1350.00,5201.00
2951.00,11.50,1350.00,5201.00
2951.10,11.50,1350.00,5201.00
2951.20,11.50,1350.00,5201.00
2951.30,11.50,1350.00,5201.00
2951.40,11.50,1350.00,5201.00
2951.50,11.50,1350.00,5201.00
2951.60,11.70,1350.00,5201.00
2951.70,11.70,1350.00,5201.00
2951.80,11.70,1350.00,2428.00
2951.90,11.70,1350.00,2428.00
2952.00,11.70,1350.00,5201.00
2952.10,11.70,1350.00,5201.00
532.60,12.80,808.00,2742.00
532.70,12.80,808.00,2742.00
532.80,12.80,809.00,2577.00
532.90,12.80,809.00,2577.00
533.00,12.80,809.00,2577.00
533.10,12.50,809.00,2595.00
533.20,12.50,809.00,2595.00
533.30,12.50,809.00,2595.00
533.40,12.50,809.00,2575.00
533.50,12.50,809.00,2575.00
533.60,12.50,809.00,2745.00
533.70,12.50,809.00,2745.00
533.80,12.50,809.00,2745.00
533.90,12.50,809.00,2745.00
534.00,12.50,809.00,2745.00
534.10,12.50,809.00,2745.00
534.20,12.70,813.00,2765.00
534.30,12.70,813.00,2765.00
534.40,12.70,813.00,2765.00
534.50,12.70,827.00,2806.00
534.60,12.70,827.00,2806.00
534.70,12.70,827.00,2806.00
534.80,12.70,1112.00,2631.00
534.90,12.70,1112.00,2631.00
535.00,12.70,1112.00,2658.00
535.10,12.70,1128.00,2658.00
535.20,12.70,1128.00,2658.00
535.30,12.70,1128.00,2675.00
535.40,12.70,1123.00,2675.00
535.50,12.70,1123.00,2675.00
535.60,12.70,1126.00,2700.00
535.70,12.70,1126.00,2700.00
535.80,12.70,1126.00,2700.00
535.90,12.70,1121.00,2724.00
536.00,12.70,1121.00,2724.00
536.10,12.60,1121.00,2724.00
536.20,12.60,1118.00,2744.00
536.30,12.60,1118.00,2744.00
536.40,12.60,1118.00,2768.00
536.50,12.60,1115.00,2768.00
536.60,12.60,1115.00,2768.00
536.70,12.60,1115.00,2793.00
536.80,12.60,1109.00,2793.00
536.90,12.60,1109.00,2793.00
537.00,12.60,1101.00,2819.00
537.10,12.70,1101.00,2819.00
537.20,12.70,1101.00,2819.00
537.30,12.70,1163.00,2848.00
537.40,12.70,1163.00,2848.00
537.50,12.70,1163.00,2848.00
537.60,12.70,1099.00,2869.00
537.70,12.70,1099.00,2869.00
537.80,12.70,1099.00,2876.00
537.90,12.70,1102.00,2876.00
538.00,12.70,1102.00,2876.00
538.10,12.70,1102.00,1809.00
538.20,12.70,1099.00,1809.00
538.30,12.70,1099.00,1809.00
538.40,12.70,1099.00,2879.00
538.50,12.70,1099.00,2879.00
538.60,12.70,1099.00,2879.00
538.70,12.70,1099.00,2876.00
538.80,12.70,1099.00,2876.00
538.90,12.70,1099.00,2876.00
1295.60,12.40,1746.00,1970.00
1295.70,12.70,1749.00,1967.00
1295.80,12.70,1749.00,1967.00
1295.90,12.70,1749.00,1967.00
1296.00,12.70,1749.00,1967.00
1296.10,12.70,1749.00,1967.00
1296.20,12.70,1749.00,1963.00
1296.30,12.70,1746.00,1963.00
1296.40,12.70,1746.00,1963.00
1296.50,12.70,1746.00,1957.00
1296.60,12.70,1746.00,1957.00
1296.70,12.70,1746.00,1957.00
1296.80,12.70,1745.00,1964.00
1296.90,12.70,1745.00,1964.00
1297.00,12.70,1745.00,1964.00
1297.10,12.70,1762.00,1957.00
1297.20,12.70,1762.00,1957.00
1297.30,12.70,1762.00,1957.00
1297.40,12.70,1772.00,1952.00
1297.50,12.70,1772.00,1952.00
1297.60,12.70,1772.00,3022.00
1297.70,12.40,2955.00,3022.00
1297.80,12.40,2955.00,3022.00
1297.90,12.40,2955.00,2899.00
1298.00,12.40,2942.00,2899.00
1298.10,12.40,2942.00,2899.00
1298.20,12.40,2951.00,2830.00
1298.30,12.40,2951.00,2830.00
1298.40,12.40,2951.00,2830.00
1298.50,12.40,2965.00,2226.00
1298.60,12.40,2965.00,2226.00
1298.70,12.40,2965.00,2226.00
1298.80,12.40,2966.00,2752.00
1298.90,12.40,2966.00,2752.00
1299.00,12.40,2966.00,2692.00
1299.10,12.40,3343.00,2692.00
1299.20,12.40,3343.00,2692.00
1299.30,12.40,3343.00,731.00
1299.40,12.40,810.00,731.00
1299.50,12.40,810.00,731.00
1299.60,12.40,793.00,658.00
1299.70,12.40,793.00,658.00
1299.80,12.40,793.00,658.00
1299.90,12.40,791.00,2538.00
1300.00,12.40,791.00,2538.00
1300.10,12.40,791.00,2538.00
1300.20,12.40,792.00,2537.00
1300.30,12.40,792.00,2537.00
1300.40,12.40,792.00,2489.00
1300.50,12.40,793.00,2489.00
1300.60,12.40,793.00,2489.00
1300.70,12.60,793.00,2494.00
1300.80,12.60,793.00,2494.00
1300.90,12.60,793.00,2494.00
1301.00,12.60,793.00,2490.00
1301.10,12.60,793.00,2490.00
1301.20,12.60,793.00,2490.00
1301.30,12.60,793.00,2497.00
1301.40,12.60,793.00,2497.00
2765.00,11.60,1378.00,2072.00
2765.10,11.60,1378.00,2075.00
2765.20,11.60,1378.00,2075.00
2765.30,11.60,1378.00,2071.00
2765.40,11.60,1378.00,2071.00
2765.50,11.60,1378.00,2071.00
2765.60,11.60,1378.00,2071.00
2765.70,11.80,1378.00,2075.00
2765.80,11.80,1378.00,2075.00
2765.90,11.80,1378.00,2078.00
2766.00,11.80,1378.00,2078.00
2766.10,11.80,1378.00,2078.00
2766.20,11.80,1378.00,2068.00
2766.30,11.80,1377.00,2068.00
2766.40,11.80,1377.00,2068.00
2766.50,11.80,1376.00,2088.00
2766.60,11.80,1376.00,2088.00
2766.70,11.70,1376.00,2088.00
2766.80,11.70,1371.00,2116.00
2766.90,11.70,1371.00,2116.00
2767.00,11.70,1371.00,2116.00
2767.10,11.70,1367.00,2085.00
2767.20,11.70,1367.00,2085.00
2767.30,11.70,1367.00,2113.00
2767.40,11.70,1365.00,2113.00
2767.50,11.70,1365.00,2112.00
2767.60,11.70,1365.00,2112.00
2767.70,11.50,1363.00,2112.00
2767.80,11.50,1363.00,2112.00
2767.90,11.50,1487.00,2135.00
2768.00,11.50,1487.00,2135.00
2768.10,11.50,1487.00,2135.00
2768.20,11.50,1508.00,2161.00
2768.30,11.50,1508.00,2161.00
2768.40,11.50,1508.00,2161.00
2768.50,11.50,1482.00,2171.00
2768.60,11.50,1482.00,2171.00
2768.70,11.60,1482.00,2170.00
2768.80,11.60,1488.00,2170.00
2768.90,11.60,1488.00,2170.00
2769.00,11.60,1488.00,2170.00
2769.10,11.60,1499.00,2170.00
2769.20,11.60,1499.00,2170.00
2769.30,11.60,1496.00,2172.00
2769.40,11.60,1496.00,2172.00
2769.50,11.60,1496.00,2172.00
2769.60,11.60,5201.00,2145.00
2769.70,11.60,5201.00,2145.00
2769.80,11.60,5201.00,2145.00
2769.90,11.60,1512.00,2148.00
2770.00,11.60,1512.00,2148.00
2770.10,11.60,1519.00,2145.00
2770.20,11.60,1519.00,2145.00
2770.30,11.60,1519.00,2148.00
2770.40,11.60,1519.00,2148.00
2770.50,11.60,1516.00,2148.00
2770.60,11.60,1516.00,2148.00
2770.70,11.40,1527.00,2145.00
2770.80,11.40,1527.00,2145.00
2350.60,12.50,1512.00,2313.00
2350.70,12.50,1512.00,1957.00
2350.80,12.50,1512.00,1957.00
2350.90,12.50,1512.00,1957.00
2351.00,12.50,1512.00,2303.00
2351.10,12.50,1512.00,2303.00
2351.20,12.50,1512.00,2303.00
2351.30,12.50,1512.00,2303.00
2351.40,12.50,1512.00,2303.00
2351.50,12.50,1512.00,2303.00
2351.60,12.50,1512.00,1947.00
2351.70,12.30,1512.00,1947.00
2351.80,12.30,1512.00,1947.00
2351.90,12.30,1514.00,1927.00
2352.00,12.30,1514.00,1927.00
2352.10,12.30,1514.00,1894.00
2352.20,12.30,1521.00,1894.00
2352.30,12.30,1521.00,1894.00
2352.40,12.30,1521.00,1809.00
2352.50,12.30,1528.00,1809.00
2352.60,12.30,1528.00,1809.00
2352.70,12.30,1533.00,1739.00
2352.80,12.30,1533.00,1739.00
2352.90,12.30,1533.00,1739.00
2353.00,12.30,1539.00,1684.00
2353.10,12.30,1539.00,1684.00
2353.20,12.30,1539.00,1684.00
2353.30,12.30,1544.00,1667.00
2353.40,12.30,1544.00,1667.00
2353.50,12.30,1544.00,1555.00
2353.60,12.30,1550.00,1555.00
2353.70,12.30,1550.00,1555.00
2353.80,12.30,1550.00,1492.00
2353.90,12.30,1556.00,1492.00
2354.00,12.30,1556.00,1492.00
2354.10,12.30,1562.00,1420.00
2354.20,12.30,1562.00,1420.00
2354.30,12.30,1562.00,1420.00
2354.40,12.30,1566.00,1210.00
2354.50,12.30,1566.00,1210.00
2354.60,12.30,1566.00,1210.00
2354.70,12.20,1574.00,1761.00
2354.80,12.20,1574.00,1761.00
2354.90,12.20,1574.00,1818.00
2355.00,12.20,1575.00,1818.00
2355.10,12.20,1575.00,1818.00
2355.20,12.20,1575.00,1813.00
2355.30,12.20,1575.00,1813.00
2355.40,12.20,1575.00,1813.00
2355.50,12.20,1574.00,1803.00
2355.60,12.20,1574.00,1803.00
2355.70,12.50,1574.00,1803.00
2355.80,12.50,1568.00,1821.00
2355.90,12.50,1568.00,1821.00
2356.00,12.50,1568.00,1821.00
2356.10,12.50,1575.00,1824.00
2356.20,12.50,1575.00,1824.00
2356.30,12.50,1575.00,1824.00
696.80,12.70,1144.00,3024.00
696.90,12.70,1144.00,3024.00
697.00,12.70,1143.00,5201.00
697.10,12.70,1143.00,5201.00
697.20,12.70,1143.00,5201.00
697.30,12.70,1140.00,5201.00
697.40,12.70,1140.00,5201.00
697.50,12.70,1140.00,5201.00
697.60,12.70,1143.00,5201.00
697.70,12.70,1143.00,5201.00
697.80,12.70,1140.00,2397.00
697.90,12.50,1140.00,2397.00
698.00,12.50,1140.00,2397.00
698.10,12.50,1154.00,2521.00
698.20,12.50,1154.00,2521.00
698.30,12.50,1154.00,2521.00
698.40,12.50,1130.00,2500.00
698.50,12.50,1130.00,2500.00
698.60,12.50,1130.00,2509.00
698.70,12.50,1134.00,2509.00
698.80,12.50,1134.00,2509.00
698.90,12.50,1134.00,2488.00
699.00,12.50,1129.00,2488.00
699.10,12.50,1129.00,2488.00
699.20,12.50,830.00,2925.00
699.30,12.50,830.00,2925.00
699.40,12.50,830.00,2925.00
699.50,12.50,810.00,2900.00
699.60,12.50,810.00,2900.00
699.70,12.50,810.00,2900.00
699.80,12.50,806.00,2888.00
699.90,12.50,806.00,2888.00
700.00,12.50,806.00,2461.00
700.10,12.50,802.00,2461.00
700.20,12.50,802.00,2461.00
700.30,12.50,802.00,5201.00
700.40,12.50,803.00,5201.00
700.50,12.50,803.00,5201.00
700.60,12.50,803.00,3508.00
700.70,12.50,803.00,3508.00
700.80,12.50,803.00,3508.00
700.90,12.40,803.00,5201.00
701.00,12.40,803.00,5201.00
701.10,12.40,803.00,5201.00
701.20,12.40,803.00,5201.00
701.30,12.40,803.00,5201.00
701.40,12.40,803.00,5201.00
701.50,12.40,803.00,5201.00
701.60,12.40,803.00,5201.00
701.70,12.40,803.00,5201.00
701.80,12.40,803.00,5201.00
701.90,12.70,803.00,5201.00
1767.50,12.30,1563.00,1580.00
1767.60,12.30,1562.00,1580.00
1767.70,12.30,1562.00,1580.00
1767.80,12.30,1555.00,1580.00
1767.90,12.30,1555.00,1580.00
1768.00,12.60,1555.00,1580.00
1768.10,12.60,1555.00,1576.00
1768.20,12.60,1555.00,1576.00
1768.30,12.60,1555.00,1576.00
1768.40,12.60,1558.00,1576.00
1768.50,12.60,1558.00,1576.00
1768.60,12.60,1558.00,1579.00
1768.70,12.60,1555.00,1579.00
1768.80,12.60,1555.00,1564.00
1768.90,12.60,1555.00,1564.00
1769.00,12.30,1702.00,1564.00
1769.10,12.30,1702.00,1564.00
1769.20,12.30,3450.00,1598.00
1769.30,12.30,3450.00,1598.00
1769.40,12.30,1760.00,1671.00
1769.50,12.30,1760.00,1671.00
1769.60,12.30,1760.00,1671.00
1769.70,12.30,1760.00,1671.00
1769.80,12.30,1604.00,1611.00
1769.90,12.30,1604.00,1611.00
1770.00,12.30,1617.00,1556.00
1770.10,12.30,1617.00,1556.00
1770.20,12.30,1617.00,1556.00
1770.30,12.30,1617.00,1556.00
1770.40,12.30,1617.00,1556.00
1770.50,12.30,1617.00,1556.00
1770.60,12.30,5201.00,5201.00
1770.70,12.30,5201.00,5201.00
1770.80,12.30,1958.00,5201.00
1770.90,12.30,1958.00,5201.00
1771.00,12.30,1958.00,5201.00
1771.10,12.30,1958.00,5201.00
1771.20,12.30,1926.00,5201.00
1771.30,12.30,1926.00,5201.00
1771.40,12.30,1920.00,5201.00
1771.50,12.30,1920.00,5201.00
1771.60,12.30,1920.00,655.00
1771.70,12.30,1920.00,655.00
1771.80,12.30,1896.00,655.00
1771.90,12.30,1896.00,655.00
1772.00,12.30,1885.00,590.00
1772.10,12.30,1885.00,590.00
1772.20,12.30,1880.00,526.00
1772.30,12.30,1880.00,526.00
1772.40,12.30,1880.00,526.00
1772.50,12.30,1880.00,526.00
1772.60,12.30,1884.00,460.00
1772.70,12.30,1884.00,460.00
1772.80,12.30,1897.00,404.00
1772.90,12.30,1897.00,404.00
1773.00,12.30,1897.00,346.00
1773.10,12.30,1897.00,346.00
1773.20,12.30,1920.00,346.00
1773.30,12.30,1920.00,346.00
1773.40,12.30,1917.00,308.00
1773.50,12.30,1917.00,308.00
1773.60,12.30,1913.00,307.00
1773.70,12.30,1913.00,307.00
1773.80,12.30,1913.00,307.00
1773.90,12.30,1913.00,307.00
1774.00,12.60,1917.00,308.00
1774.10,12.60,1917.00,308.00
1774.20,12.60,1925.00,308.00
1774.30,12.60,1925.00,308.00
1774.40,12.60,1925.00,308.00
1671.80,11.80,5201.00,2142.00
1671.90,11.80,5201.00,2142.00
1672.00,11.80,5201.00,2142.00
1672.10,11.80,5201.00,2142.00
1672.20,11.80,5201.00,2142.00
1672.30,11.80,5201.00,2142.00
1672.40,11.80,5201.00,2142.00
1672.50,11.80,5201.00,2145.00
1672.60,11.80,5201.00,2145.00
1672.70,11.80,5201.00,2145.00
1672.80,11.80,5201.00,2149.00
1672.90,11.80,5201.00,2149.00
1673.00,11.80,5201.00,2142.00
1673.10,11.80,3091.00,2142.00
1673.20,11.60,3091.00,2142.00
1673.30,11.60,3091.00,2122.00
1673.40,11.60,2755.00,2122.00
1673.50,11.60,2755.00,2122.00
1673.60,11.60,5201.00,2061.00
1673.70,11.60,5201.00,2061.00
1673.80,11.60,5201.00,2061.00
1673.90,11.60,5201.00,2031.00
1674.00,11.60,5201.00,2031.00
1674.10,11.60,5201.00,2031.00
1674.20,11.60,5201.00,2060.00
1674.30,11.60,5201.00,2060.00
1674.40,11.60,5201.00,2014.00
1674.50,11.60,5201.00,2014.00
1674.60,11.60,5201.00,2014.00
1674.70,11.60,5201.00,1959.00
1674.80,11.60,5201.00,1959.00
1674.90,11.60,5201.00,1959.00
1675.00,11.60,5201.00,1904.00
1675.10,11.60,5201.00,1904.00
1675.20,11.60,5201.00,1904.00
1675.30,11.60,3340.00,1846.00
1675.40,11.60,3340.00,1846.00
1675.50,11.60,3340.00,1846.00
1675.60,11.60,5201.00,1798.00
1675.70,11.60,5201.00,1798.00
1675.80,11.60,5201.00,5201.00
1675.90,11.60,5201.00,5201.00
1676.00,11.60,5201.00,5201.00
1676.10,11.60,5201.00,5201.00
1676.20,11.60,1613.00,5201.00
1676.30,11.60,1613.00,5201.00
1676.40,11.60,1617.00,5201.00
1676.50,11.60,1617.00,5201.00
1676.60,11.60,1617.00,5201.00
1676.70,11.60,1609.00,5201.00
1676.80,11.60,1609.00,5201.00
1676.90,11.60,1609.00,5201.00
1677.00,11.60,1609.00,5201.00
1677.10,11.60,1609.00,5201.00
1677.20,11.80,1609.00,5201.00
1677.30,11.80,1608.00,5201.00
1677.40,11.80,1608.00,5201.00
1677.50,11.80,1608.00,5201.00
1677.60,11.80,1612.00,5201.00
1677.70,11.80,1612.00,5201.00
2577.50,12.30,1618.00,1858.00
2577.60,12.30,1483.00,1858.00
2577.70,12.50,1483.00,1858.00
2577.80,12.50,1483.00,1858.00
2577.90,12.50,1643.00,1858.00
2578.00,12.50,1643.00,1858.00
2578.10,12.50,1647.00,1858.00
2578.20,12.50,1647.00,1858.00
2578.30,12.50,1633.00,1861.00
2578.40,12.50,1633.00,1861.00
2578.50,12.50,1633.00,1861.00
2578.60,12.50,1633.00,1861.00
2578.70,12.50,1622.00,1861.00
2578.80,12.50,1622.00,1861.00
2578.90,12.50,1618.00,2233.00
2579.00,12.50,1618.00,2233.00
2579.10,12.50,1618.00,1813.00
2579.20,12.50,1618.00,1813.00
2579.30,12.50,1476.00,1813.00
2579.40,12.50,1476.00,1813.00
2579.50,12.50,1478.00,2176.00
2579.60,12.50,1478.00,2176.00
2579.70,12.40,1487.00,1764.00
2579.80,12.40,1487.00,1764.00
2579.90,12.40,1487.00,1764.00
2580.00,12.40,1487.00,1764.00
2580.10,12.40,1642.00,1719.00
2580.20,12.40,1642.00,1719.00
2580.30,12.40,1658.00,1694.00
2580.40,12.40,1658.00,1694.00
2580.50,12.40,1658.00,1655.00
2580.60,12.40,1658.00,1655.00
2580.70,12.30,5201.00,1655.00
2580.80,12.30,5201.00,1655.00
2580.90,12.30,3445.00,1639.00
2581.00,12.30,3445.00,1639.00
2581.10,12.30,3525.00,1635.00
2581.20,12.30,3525.00,1635.00
2581.30,12.30,3525.00,1635.00
2581.40,12.30,3525.00,1635.00
2581.50,12.30,5201.00,1603.00
2581.60,12.30,5201.00,1603.00
2581.70,12.30,5201.00,1581.00
2581.80,12.30,5201.00,1581.00
2581.90,12.30,5201.00,1566.00
2582.00,12.30,5201.00,1566.00
2582.10,12.30,3724.00,1566.00
2582.20,12.30,3724.00,1566.00
2582.30,12.30,5201.00,1548.00
2582.40,12.30,5201.00,1548.00
2582.50,12.30,5201.00,1527.00
2582.60,12.30,5201.00,1527.00
2582.70,12.00,5201.00,1527.00
2582.80,12.00,5201.00,1527.00
2582.90,12.00,5201.00,1517.00
2583.00,12.00,5201.00,1517.00
2583.10,12.00,5201.00,1517.00
2583.20,12.00,5201.00,1517.00
2583.30,12.00,5201.00,1516.00
2583.40,12.00,5201.00,1516.00
2583.50,12.00,5201.00,1516.00
2583.60,12.00,5201.00,1516.00
2583.70,12.50,5201.00,1517.00
2583.80,12.50,5201.00,1517.00
2583.90,12.50,5201.00,1516.00
2584.00,12.50,5201.00,1516.00
2584.10,12.50,5201.00,1516.00
2584.20,12.50,5201.00,1516.00
2584.30,12.50,5201.00,1520.00
2584.40,12.50,5201.00,1520.00
2584.50,12.50,5201.00,1520.00
2584.60,12.50,5201.00,1520.00
2584.70,12.50,5201.00,1516.00
2000.40,12.70,1125.00,2869.00
2000.50,12.70,1125.00,2869.00
2000.60,12.70,1125.00,2869.00
2000.70,12.70,1125.00,2869.00
2000.80,12.70,1125.00,2869.00
2000.90,12.70,1125.00,2866.00
2001.00,12.70,1125.00,2866.00
2001.10,12.70,1125.00,2866.00
2001.20,12.70,1125.00,2869.00
2001.30,12.70,1124.00,2869.00
2001.40,12.70,1124.00,2869.00
2001.50,12.70,1124.00,2870.00
2001.60,12.70,1124.00,2870.00
2001.70,12.70,1124.00,2870.00
2001.80,12.10,1126.00,2859.00
2001.90,12.10,1126.00,2859.00
2002.00,12.10,1126.00,2859.00
2002.10,12.10,1137.00,2830.00
2002.20,12.10,1137.00,2830.00
2002.30,12.10,1137.00,2767.00
2002.40,12.10,1150.00,2767.00
2002.50,12.10,1150.00,2767.00
2002.60,12.10,1150.00,2898.00
2002.70,12.10,1155.00,2898.00
2002.80,12.40,1155.00,2898.00
2002.90,12.40,855.00,2849.00
2003.00,12.40,855.00,2849.00
2003.10,12.40,855.00,2849.00
2003.20,12.40,849.00,2792.00
2003.30,12.40,849.00,2792.00
2003.40,12.40,849.00,2792.00
2003.50,12.40,853.00,2737.00
2003.60,12.40,853.00,2737.00
2003.70,12.40,853.00,225.00
2003.80,12.40,861.00,225.00
2003.90,12.40,861.00,225.00
2004.00,12.40,861.00,204.00
2004.10,12.40,867.00,204.00
2004.20,12.40,867.00,204.00
2004.30,12.40,864.00,213.00
2004.40,12.40,864.00,213.00
2004.50,12.40,864.00,213.00
2004.60,12.40,864.00,206.00
2004.70,12.40,864.00,206.00
2004.80,12.40,864.00,206.00
2004.90,12.40,864.00,206.00
2005.00,12.40,864.00,206.00
2005.10,12.40,864.00,210.00
2005.20,12.40,864.00,210.00
2005.30,12.40,864.00,210.00
2005.40,12.40,864.00,199.00
2005.50,12.40,864.00,199.00
2005.60,12.40,864.00,199.00
2005.70,12.40,863.00,206.00
2005.80,12.70,863.00,206.00
1618.10,12.60,5201.00,1604.00
1618.20,12.60,5201.00,1604.00
1618.30,12.60,5201.00,1604.00
1618.40,12.60,1717.00,1605.00
1618.50,12.60,1717.00,1605.00
1618.60,12.60,1717.00,1605.00
1618.70,12.60,1714.00,1605.00
1618.80,12.60,1714.00,1605.00
1618.90,12.60,1714.00,1597.00
1619.00,12.60,1714.00,1597.00
1619.10,12.40,1714.00,1597.00
1619.20,12.40,1714.00,1605.00
1619.30,12.40,3089.00,1605.00
1619.40,12.40,3089.00,1605.00
1619.50,12.40,3111.00,1581.00
1619.60,12.40,3111.00,1581.00
1619.70,12.40,3111.00,1581.00
1619.80,12.40,5201.00,1534.00
1619.90,12.40,5201.00,1534.00
1620.00,12.40,5201.00,1534.00
1620.10,12.40,5201.00,5201.00
1620.20,12.40,5201.00,5201.00
1620.30,12.40,5201.00,5201.00
1620.40,12.40,1952.00,5201.00
1620.50,12.40,1952.00,5201.00
1620.60,12.40,1952.00,5201.00
1620.70,12.40,1925.00,5201.00
1620.80,12.40,1925.00,5201.00
1620.90,12.40,1903.00,5201.00
1621.00,12.40,1903.00,5201.00
1621.10,12.30,1903.00,5201.00
1621.20,12.30,1904.00,5201.00
1621.30,12.30,1904.00,5201.00
1621.40,12.30,1904.00,5201.00
1621.50,12.30,1905.00,606.00
1621.60,12.30,1905.00,606.00
1621.70,12.30,1905.00,544.00
1621.80,12.30,1908.00,544.00
1621.90,12.30,1908.00,544.00
1622.00,12.30,1908.00,497.00
1622.10,12.40,1916.00,497.00
1622.20,12.40,1916.00,497.00
1622.30,12.40,1916.00,479.00
1622.40,12.40,1916.00,479.00
1622.50,12.40,1916.00,479.00
1622.60,12.40,1916.00,480.00
1622.70,12.40,1916.00,480.00
1622.80,12.40,1916.00,480.00
1622.90,12.40,1917.00,480.00
1623.00,12.40,1917.00,480.00
1623.10,12.40,1917.00,480.00
1623.20,12.40,1917.00,480.00
1623.30,12.40,1917.00,480.00
398.80,12.50,1112.00,1639.00
398.90,12.50,1112.00,1636.00
399.00,12.50,1112.00,1636.00
399.10,12.50,1112.00,1636.00
399.20,12.50,1112.00,1636.00
399.30,12.80,1112.00,1636.00
399.40,12.80,1112.00,1637.00
399.50,12.80,1112.00,1637.00
399.60,12.80,1112.00,1637.00
399.70,12.80,1112.00,1636.00
399.80,12.80,1112.00,1636.00
399.90,12.80,1112.00,1636.00
400.00,12.80,1112.00,1639.00
400.10,12.80,1112.00,1639.00
400.20,12.80,1112.00,1639.00
400.30,12.70,1107.00,1650.00
400.40,12.70,1107.00,1650.00
400.50,12.70,1107.00,1650.00
400.60,12.70,1107.00,1682.00
400.70,12.70,1107.00,1682.00
400.80,12.70,1107.00,1730.00
400.90,12.70,1103.00,1730.00
401.00,12.70,1103.00,1730.00
401.10,12.70,1103.00,2795.00
401.20,12.70,1099.00,2795.00
401.30,12.50,1099.00,2795.00
401.40,12.50,1096.00,1788.00
401.50,12.50,1096.00,1788.00
401.60,12.50,1096.00,1788.00
401.70,12.50,1092.00,1415.00
401.80,12.50,1092.00,1415.00
401.90,12.50,1092.00,1415.00
402.00,12.50,1088.00,1435.00
402.10,12.50,1088.00,1435.00
402.20,12.50,1088.00,1453.00
402.30,12.80,1083.00,1453.00
402.40,12.80,1083.00,1453.00
402.50,12.80,1083.00,1457.00
402.60,12.80,1093.00,1457.00
402.70,12.80,1093.00,1457.00
402.80,12.80,1093.00,1458.00
402.90,12.80,1093.00,1458.00
403.00,12.80,1093.00,1458.00
403.10,12.80,1093.00,1461.00
403.20,12.80,1093.00,1461.00
403.30,12.80,1093.00,1461.00
403.40,12.80,1093.00,1455.00
403.50,12.80,1093.00,1455.00
403.60,12.80,1093.00,1457.00
403.70,12.80,1093.00,1457.00
3029.70,11.80,1388.00,2260.00
3029.80,11.80,1388.00,2247.00
3029.90,11.80,1388.00,2247.00
3030.00,11.80,1388.00,2247.00
3030.10,11.80,1388.00,2247.00
3030.20,11.80,1388.00,2235.00
3030.30,11.80,1388.00,2235.00
3030.40,11.80,1388.00,2236.00
3030.50,11.80,1388.00,2236.00
3030.60,11.70,1388.00,2236.00
3030.70,11.70,1388.00,2229.00
3030.80,11.70,1388.00,2229.00
3030.90,11.70,1388.00,2229.00
3031.00,11.70,1388.00,2235.00
3031.10,11.70,1388.00,2235.00
3031.20,11.70,1388.00,2235.00
3031.30,11.70,1391.00,2120.00
3031.40,11.70,1391.00,2120.00
3031.50,11.70,1391.00,2120.00
3031.60,11.20,1401.00,2147.00
3031.70,11.20,1401.00,2147.00
3031.80,11.20,1401.00,2099.00
3031.90,11.20,1415.00,2099.00
3032.00,11.20,1415.00,2033.00
3032.10,11.20,1415.00,2033.00
3032.20,11.20,1426.00,2033.00
3032.30,11.20,1426.00,2033.00
3032.40,11.20,1434.00,3612.00
3032.50,11.20,1434.00,3612.00
3032.60,11.40,1434.00,3612.00
3032.70,11.40,1443.00,5201.00
3032.80,11.40,1443.00,5201.00
3032.90,11.40,1443.00,5201.00
3033.00,11.40,1451.00,3457.00
3033.10,11.40,1451.00,3457.00
3033.20,11.40,1451.00,5201.00
3033.30,11.40,1460.00,5201.00
3033.40,11.40,1460.00,5201.00
3033.50,11.40,1460.00,5201.00
3033.60,11.40,1469.00,5201.00
3033.70,11.40,1469.00,5201.00
3033.80,11.40,1479.00,5201.00
3033.90,11.40,1479.00,5201.00
3034.00,11.40,1479.00,5201.00
3034.10,11.40,1487.00,5201.00
3034.20,11.40,1487.00,5201.00
3034.30,11.40,1487.00,5201.00
3034.40,11.40,1497.00,5201.00
3034.50,11.40,1497.00,5201.00
3034.60,11.50,1497.00,5201.00
3034.70,11.50,1506.00,5201.00
3034.80,11.50,1506.00,5201.00
3034.90,11.50,1506.00,5201.00
3035.00,11.50,1511.00,5201.00
3035.10,11.50,1511.00,5201.00
3035.20,11.50,1512.00,5201.00
3035.30,11.50,1512.00,5201.00
3035.40,11.50,1512.00,5201.00
3035.50,11.50,1512.00,5201.00
3035.60,11.70,1512.00,5201.00
3035.70,11.70,1512.00,5201.00
3035.80,11.70,1512.00,5201.00
3035.90,11.70,1512.00,5201.00
3036.00,11.70,1512.00,5201.00
3036.10,11.70,1512.00,5201.00
599.80,12.80,727.00,5201.00
599.90,12.70,728.00,5201.00
600.00,12.70,728.00,5201.00
600.10,12.70,727.00,5201.00
600.20,12.70,727.00,5201.00
600.30,12.70,727.00,5201.00
600.40,12.70,727.00,5201.00
600.50,12.70,727.00,5201.00
600.60,12.70,727.00,5201.00
600.70,12.70,727.00,5201.00
600.80,12.70,727.00,5201.00
600.90,12.70,727.00,3703.00
601.00,12.70,728.00,3703.00
601.10,12.70,728.00,3703.00
601.20,12.70,723.00,3632.00
601.30,12.70,723.00,3632.00
601.40,12.70,723.00,3632.00
601.50,12.70,725.00,2453.00
601.60,12.70,725.00,2453.00
601.70,12.70,725.00,2453.00
601.80,12.70,761.00,3692.00
601.90,12.50,761.00,3692.00
602.00,12.50,761.00,3028.00
602.10,12.50,1256.00,3028.00
602.20,12.50,1256.00,3028.00
602.30,12.50,1256.00,2996.00
602.40,12.50,828.00,2996.00
602.50,12.50,828.00,2996.00
602.60,12.50,809.00,3422.00
602.70,12.50,809.00,3422.00
602.80,12.50,809.00,3422.00
602.90,12.50,809.00,3422.00
603.00,12.50,809.00,3422.00
603.10,12.70,809.00,3422.00
603.20,12.70,802.00,2479.00
603.30,12.70,802.00,2479.00
603.40,12.70,802.00,2336.00
603.50,12.70,806.00,2336.00
603.60,12.70,806.00,2336.00
603.70,12.70,806.00,5201.00
603.80,12.70,816.00,5201.00
603.90,12.70,816.00,5201.00
604.00,12.70,1125.00,2798.00
604.10,12.70,1125.00,2798.00
604.20,12.70,1125.00,2798.00
604.30,12.70,1132.00,3046.00
604.40,12.70,1132.00,3046.00
604.50,12.70,1132.00,3046.00
604.60,12.70,1142.00,5201.00
604.70,12.70,1142.00,5201.00
604.80,12.70,1142.00,5201.00
604.90,12.50,1139.00,5201.00
605.00,12.50,1139.00,5201.00
605.10,12.50,1139.00,5201.00
605.20,12.50,1143.00,5201.00
605.30,12.50,1143.00,5201.00
605.40,12.50,1140.00,5201.00
605.50,12.50,1140.00,5201.00
605.60,12.50,1140.00,5201.00
605.70,12.50,1136.00,5201.00
2076.00,12.70,1032.00,3358.00
2076.10,12.70,1032.00,3358.00
2076.20,12.40,1032.00,3359.00
2076.30,12.40,1031.00,3359.00
2076.40,12.40,1031.00,3359.00
2076.50,12.40,1031.00,3355.00
2076.60,12.40,1031.00,3355.00
2076.70,12.40,1031.00,3355.00
2076.80,12.40,1031.00,3355.00
2076.90,12.40,1031.00,3355.00
2077.00,12.40,1031.00,3355.00
2077.10,12.40,1035.00,3355.00
2077.20,12.40,1035.00,3355.00
2077.30,12.40,1035.00,3155.00
2077.40,12.40,1028.00,3155.00
2077.50,12.40,1028.00,3155.00
2077.60,12.40,1028.00,3316.00
2077.70,12.40,1014.00,3316.00
2077.80,12.40,1014.00,3316.00
2077.90,12.40,571.00,3241.00
2078.00,12.40,571.00,3241.00
2078.10,12.40,571.00,3241.00
2078.20,12.40,553.00,5201.00
2078.30,12.40,553.00,5201.00
2078.40,12.40,553.00,5201.00
2078.50,12.40,561.00,5201.00
2078.60,12.40,561.00,5201.00
2078.70,12.40,561.00,5201.00
2078.80,12.40,5201.00,5201.00
2078.90,12.40,5201.00,5201.00
2079.00,12.40,5201.00,5201.00
2079.10,12.40,1207.00,5201.00
2079.20,12.40,1207.00,5201.00
2079.30,12.40,1191.00,5201.00
2079.40,12.40,1191.00,5201.00
2079.50,12.40,1191.00,5201.00
2079.60,12.40,1165.00,5201.00
2079.70,12.40,1165.00,5201.00
2079.80,12.40,1165.00,5201.00
2079.90,12.40,1159.00,5201.00
2080.00,12.40,1159.00,5201.00
2080.10,12.40,1159.00,5201.00
2080.20,12.40,868.00,5201.00
2080.30,12.40,868.00,5201.00
2080.40,12.40,868.00,5201.00
2080.50,12.40,847.00,5201.00
2080.60,12.40,847.00,5201.00
2080.70,12.40,843.00,507.00
2080.80,12.40,843.00,507.00
2080.90,12.40,843.00,507.00
2081.00,12.40,844.00,474.00
2081.10,12.40,844.00,474.00
2081.20,12.70,844.00,474.00
2081.30,12.70,844.00,461.00
2081.40,12.70,844.00,461.00
2081.50,12.70,844.00,460.00
2081.60,12.70,844.00,460.00
2081.70,12.70,844.00,460.00
2081.80,12.70,844.00,461.00
2081.90,12.70,844.00,461.00
2033.70,12.60,1485.00,2260.00
2033.80,12.60,1485.00,2260.00
2033.90,12.30,1485.00,2260.00
2034.00,12.30,1485.00,2260.00
2034.10,12.30,1485.00,2260.00
2034.20,12.30,1485.00,2260.00
2034.30,12.30,1486.00,2263.00
2034.40,12.30,1486.00,2263.00
2034.50,12.30,1486.00,2256.00
2034.60,12.30,1485.00,2256.00
2034.70,12.30,1485.00,2256.00
2034.80,12.30,1485.00,2256.00
2034.90,12.20,1486.00,2256.00
2035.00,12.20,1486.00,2256.00
2035.10,12.20,1491.00,2239.00
2035.20,12.20,1491.00,2239.00
2035.30,12.20,1491.00,2239.00
2035.40,12.20,2264.00,2221.00
2035.50,12.20,2264.00,2221.00
2035.60,12.20,2264.00,2221.00
2035.70,12.20,2293.00,2176.00
2035.80,12.20,2293.00,2176.00
2035.90,12.30,5201.00,2213.00
2036.00,12.30,5201.00,2213.00
2036.10,12.30,5201.00,2132.00
2036.20,12.30,5201.00,2132.00
2036.30,12.30,5201.00,2132.00
2036.40,12.30,5201.00,2132.00
2036.50,12.30,1508.00,2109.00
2036.60,12.30,1508.00,2109.00
2036.70,12.30,1508.00,2109.00
2036.80,12.30,1492.00,2103.00
2036.90,12.40,1492.00,2103.00
2037.00,12.40,1492.00,2103.00
2037.10,12.40,1489.00,2061.00
2037.20,12.40,1489.00,2061.00
2037.30,12.40,1489.00,2045.00
2037.40,12.40,1486.00,2045.00
2037.50,12.40,1486.00,2037.00
2037.60,12.40,1486.00,2037.00
2037.70,12.40,1485.00,2037.00
2037.80,12.40,1485.00,2037.00
2037.90,12.30,1486.00,2000.00
2038.00,12.30,1486.00,2000.00
2038.10,12.30,1489.00,1974.00
2038.20,12.30,1489.00,1974.00
2038.30,12.30,1489.00,1974.00
2038.40,12.30,1489.00,1974.00
2038.50,12.30,1491.00,1978.00
2038.60,12.30,1491.00,1978.00
2038.70,12.30,1491.00,2290.00
2038.80,12.30,1493.00,2290.00
2038.90,12.30,1493.00,1926.00
2039.00,12.30,1493.00,1926.00
2039.10,12.30,1495.00,1926.00
2039.20,12.30,1495.00,1926.00
2039.30,12.30,1498.00,2259.00
2039.40,12.30,1498.00,2259.00
2039.50,12.30,1500.00,2223.00
2039.60,12.30,1500.00,2223.00
2039.70,12.30,1500.00,2223.00
2039.80,12.30,1500.00,2223.00
2039.90,12.40,1503.00,2202.00
2040.00,12.40,1503.00,2202.00
2040.10,12.40,1505.00,1826.00
2040.20,12.40,1505.00,1826.00
2040.30,12.40,1505.00,1822.00
2040.40,12.40,1505.00,1822.00
2040.50,12.40,1505.00,1822.00
2040.60,12.40,1505.00,1822.00
2040.70,12.40,1505.00,1822.00
2040.80,12.40,1505.00,1822.00
2040.90,12.50,1505.00,1822.00
2041.00,12.50,1505.00,1822.00
2041.10,12.50,1505.00,1822.00
2041.20,12.50,1505.00,1822.00
2041.30,12.50,1505.00,1823.00
2041.40,12.50,1505.00,1823.00
2041.50,12.50,1505.00,1826.00
2528.40,12.50,5201.00,2125.00
2528.50,12.50,5201.00,2110.00
2528.60,12.50,5201.00,2110.00
2528.70,12.30,5201.00,2110.00
2528.80,12.30,5201.00,2117.00
2528.90,12.30,5201.00,2117.00
2529.00,12.30,5201.00,2117.00
2529.10,12.30,5201.00,2118.00
2529.20,12.30,5201.00,2118.00
2529.30,12.30,5201.00,2118.00
2529.40,12.30,5201.00,2121.00
2529.50,12.30,5201.00,2121.00
2529.60,12.30,5201.00,2121.00
2529.70,12.20,2989.00,2107.00
2529.80,12.20,2989.00,2107.00
2529.90,12.20,2989.00,1692.00
2530.00,12.20,3267.00,1692.00
2530.10,12.20,3267.00,1692.00
2530.20,12.20,3267.00,1634.00
2530.30,12.20,5201.00,1634.00
2530.40,12.20,5201.00,1634.00
2530.50,12.20,5201.00,1577.00
2530.60,12.20,5201.00,1577.00
2530.70,12.30,5201.00,1577.00
2530.80,12.30,5201.00,1514.00
2530.90,12.30,5201.00,1514.00
2531.00,12.30,5201.00,1514.00
2531.10,12.30,5201.00,1450.00
2531.20,12.30,5201.00,1450.00
2531.30,12.30,5201.00,1401.00
2531.40,12.30,5201.00,1401.00
2531.50,12.30,5201.00,1401.00
2531.60,12.30,5201.00,1366.00
2531.70,12.30,1807.00,1366.00
2531.80,12.30,1807.00,1366.00
2531.90,12.30,1756.00,5201.00
2532.00,12.30,1756.00,5201.00
2532.10,12.30,1756.00,5201.00
2532.20,12.30,1769.00,666.00
2532.30,12.30,1769.00,666.00
2532.40,12.30,1769.00,666.00
2532.50,12.30,1764.00,608.00
2532.60,12.30,1764.00,608.00
2532.70,12.30,1764.00,545.00
2532.80,12.30,1767.00,545.00
2532.90,12.30,1767.00,545.00
2533.00,12.30,1767.00,472.00
2533.10,12.30,1779.00,472.00
2533.20,12.30,1779.00,472.00
2533.30,12.30,1803.00,436.00
2533.40,12.30,1803.00,436.00
2533.50,12.30,1803.00,436.00
2533.60,12.30,1814.00,377.00
2533.70,12.30,1814.00,377.00
2533.80,12.30,1814.00,377.00
2533.90,12.30,1812.00,350.00
2534.00,12.30,1812.00,350.00
2534.10,12.30,1812.00,353.00
2534.20,12.30,1813.00,353.00
2534.30,12.30,1813.00,353.00
2534.40,12.30,1813.00,350.00
2534.50,12.30,1812.00,350.00
2534.60,12.30,1812.00,350.00
2534.70,12.30,1813.00,353.00
2534.80,12.30,1813.00,353.00
385.40,12.40,1378.00,1611.00
385.50,12.40,1378.00,1611.00
385.60,12.40,1378.00,1611.00
385.70,12.40,1378.00,1611.00
385.80,12.40,1378.00,1611.00
385.90,12.40,1378.00,1611.00
386.00,12.40,1380.00,5201.00
386.10,12.70,1380.00,5201.00
386.20,12.70,1380.00,5201.00
386.30,12.70,1378.00,5201.00
386.40,12.70,1378.00,5201.00
386.50,12.70,1378.00,5201.00
386.60,12.70,1380.00,5201.00
386.70,12.70,1380.00,5201.00
386.80,12.70,1380.00,5201.00
386.90,12.70,1377.00,5201.00
387.00,12.70,1377.00,5201.00
387.10,12.40,1393.00,1500.00
387.20,12.40,1393.00,1500.00
387.30,12.40,1393.00,1500.00
387.40,12.40,1422.00,1424.00
387.50,12.40,1422.00,1424.00
387.60,12.40,1422.00,1424.00
387.70,12.40,1385.00,1359.00
387.80,12.40,1385.00,1359.00
387.90,12.40,1385.00,1298.00
388.00,12.40,1408.00,1298.00
388.10,12.20,1408.00,1298.00
388.20,12.20,1408.00,1248.00
388.30,12.20,5201.00,1248.00
388.40,12.20,5201.00,1248.00
388.50,12.20,5201.00,1182.00
388.60,12.20,5201.00,1182.00
388.70,12.20,5201.00,1182.00
388.80,12.20,3815.00,1122.00
388.90,12.20,3815.00,1122.00
389.00,12.20,3815.00,1122.00
389.10,12.40,5201.00,1061.00
389.20,12.40,5201.00,1061.00
389.30,12.40,5201.00,1006.00
389.40,12.40,3801.00,1006.00
389.50,12.40,3801.00,1006.00
389.60,12.40,3801.00,972.00
389.70,12.40,3795.00,972.00
389.80,12.40,3795.00,972.00
389.90,12.40,3791.00,881.00
390.00,12.40,3791.00,881.00
390.10,12.40,3791.00,881.00
390.20,12.40,3784.00,847.00
390.30,12.40,3784.00,847.00
390.40,12.40,3784.00,847.00
390.50,12.40,3780.00,846.00
390.60,12.40,3780.00,846.00
390.70,12.40,3780.00,846.00
390.80,12.40,3787.00,846.00
390.90,12.40,3787.00,846.00
391.00,12.40,3787.00,845.00
391.10,12.50,3780.00,845.00
391.20,12.50,3780.00,845.00
748.90,12.70,5201.00,2285.00
749.00,12.70,5201.00,2285.00
749.10,12.70,5201.00,2285.00
749.20,12.70,5201.00,2285.00
749.30,12.70,5201.00,2285.00
749.40,12.70,5201.00,2281.00
749.50,12.70,5201.00,2281.00
749.60,12.70,5201.00,2281.00
749.70,12.70,5201.00,2286.00
749.80,12.70,5201.00,2286.00
749.90,12.70,5201.00,2286.00
750.00,12.70,5201.00,2288.00
750.10,12.70,5201.00,2288.00
750.20,12.70,5201.00,2279.00
750.30,12.70,3319.00,2279.00
750.40,12.70,3319.00,2279.00
750.50,12.70,3319.00,5201.00
750.60,12.70,5201.00,5201.00
750.70,12.70,5201.00,5201.00
750.80,12.30,5201.00,5201.00
750.90,12.30,5201.00,5201.00
751.00,12.30,5201.00,5201.00
751.10,12.30,5201.00,5201.00
751.20,12.30,5201.00,5201.00
751.30,12.30,5201.00,5201.00
751.40,12.30,5201.00,5201.00
751.50,12.30,5201.00,5201.00
751.60,12.30,5201.00,5201.00
751.70,12.30,3457.00,5201.00
751.80,12.40,3457.00,5201.00
751.90,12.40,3457.00,5201.00
752.00,12.40,5201.00,5201.00
752.10,12.40,5201.00,5201.00
752.20,12.40,5201.00,5201.00
752.30,12.40,5201.00,5201.00
752.40,12.40,5201.00,5201.00
752.50,12.40,1112.00,1956.00
752.60,12.40,1112.00,1956.00
752.70,12.40,1112.00,1956.00
752.80,12.00,1855.00,2975.00
752.90,12.00,1855.00,2975.00
753.00,12.00,1855.00,5201.00
753.10,12.00,1861.00,5201.00
753.20,12.00,1861.00,5201.00
753.30,12.00,1861.00,5201.00
753.40,12.00,1859.00,5201.00
753.50,12.00,1859.00,5201.00
753.60,12.00,1859.00,5201.00
753.70,12.00,1859.00,5201.00
753.80,12.20,1859.00,5201.00
753.90,12.20,1860.00,5201.00
754.00,12.20,1860.00,5201.00
754.10,12.20,1860.00,5201.00
754.20,12.20,1860.00,5201.00
754.30,12.20,1860.00,5201.00
754.40,12.20,1860.00,5201.00
754.50,12.20,1860.00,5201.00
754.60,12.20,1860.00,5201.00
754.70,12.20,1860.00,5201.00
2243.40,12.50,1540.00,1760.00
2243.50,12.50,1540.00,1760.00
2243.60,12.50,1537.00,1756.00
2243.70,12.50,1537.00,1756.00
2243.80,12.30,1537.00,1756.00
2243.90,12.30,1540.00,1758.00
2244.00,12.30,1540.00,1758.00
2244.10,12.30,1540.00,1758.00
2244.20,12.30,1537.00,1762.00
2244.30,12.30,1537.00,1762.00
2244.40,12.30,1537.00,1755.00
2244.50,12.30,1540.00,1755.00
2244.60,12.30,1540.00,1755.00
2244.70,12.30,1540.00,1754.00
2244.80,12.20,1542.00,1754.00
2244.90,12.20,1542.00,1754.00
2245.00,12.20,1551.00,1719.00
2245.10,12.20,1551.00,1719.00
2245.20,12.20,1551.00,1719.00
2245.30,12.20,1560.00,1648.00
2245.40,12.20,1560.00,1648.00
2245.50,12.20,1560.00,1648.00
2245.60,12.20,1566.00,1591.00
2245.70,12.20,1566.00,1591.00
2245.80,12.30,1566.00,1517.00
2245.90,12.30,1585.00,1517.00
2246.00,12.30,1585.00,1517.00
2246.10,12.30,1585.00,1488.00
2246.20,12.30,1598.00,1488.00
2246.30,12.30,1598.00,1488.00
2246.40,12.30,1610.00,1927.00
2246.50,12.30,1610.00,1927.00
2246.60,12.30,1610.00,1927.00
2246.70,12.30,1622.00,1472.00
2246.80,12.30,1622.00,1472.00
2246.90,12.30,1622.00,1472.00
2247.00,12.30,1619.00,1886.00
2247.10,12.30,1619.00,1886.00
2247.20,12.30,1619.00,1891.00
2247.30,12.30,1622.00,1891.00
2247.40,12.30,1622.00,1891.00
2247.50,12.30,1622.00,1894.00
2247.60,12.30,1622.00,1894.00
2247.70,12.30,1622.00,1894.00
2247.80,12.50,1619.00,1890.00
2247.90,12.50,1619.00,1890.00
2248.00,12.50,1619.00,1890.00
2248.10,12.50,1620.00,1890.00
2248.20,12.50,1620.00,1890.00
2248.30,12.50,1620.00,1890.00
1446.00,11.60,2075.00,5201.00
1446.10,11.60,2075.00,5201.00
1446.20,11.80,2075.00,5201.00
1446.30,11.80,2211.00,5201.00
1446.40,11.80,2211.00,5201.00
1446.50,11.80,2211.00,5201.00
1446.60,11.80,2072.00,5201.00
1446.70,11.80,2072.00,5201.00
1446.80,11.80,2064.00,5201.00
1446.90,11.80,2064.00,5201.00
1447.00,11.80,2064.00,5201.00
1447.10,11.80,2068.00,5201.00
1447.20,11.60,2068.00,5201.00
1447.30,11.60,2068.00,5201.00
1447.40,11.60,2035.00,5201.00
1447.50,11.60,2035.00,5201.00
1447.60,11.60,2035.00,1696.00
1447.70,11.60,1840.00,1696.00
1447.80,11.60,1840.00,1696.00
1447.90,11.60,1840.00,1618.00
1448.00,11.60,1830.00,1618.00
1448.10,11.60,1830.00,1618.00
1448.20,11.50,1530.00,1576.00
1448.30,11.50,1530.00,1576.00
1448.40,11.50,1530.00,1576.00
1448.50,11.50,1517.00,3446.00
1448.60,11.50,1517.00,3446.00
1448.70,11.50,1517.00,3446.00
1448.80,11.50,5201.00,2947.00
1448.90,11.50,5201.00,2947.00
1449.00,11.50,5201.00,2911.00
1449.10,11.50,5201.00,2911.00
1449.20,11.60,5201.00,2911.00
1449.30,11.60,5201.00,5201.00
1449.40,11.60,5201.00,5201.00
1449.50,11.60,5201.00,5201.00
1449.60,11.60,205.00,5201.00
1449.70,11.60,205.00,5201.00
1449.80,11.60,205.00,5201.00
1449.90,11.60,1777.00,5201.00
1450.00,11.60,1777.00,5201.00
1450.10,11.60,1777.00,5201.00
1450.20,11.60,5201.00,5201.00
1450.30,11.60,5201.00,5201.00
1450.40,11.60,5201.00,5201.00
1450.50,11.60,5201.00,5201.00
1450.60,11.60,5201.00,5201.00
1450.70,11.60,5201.00,5201.00
1450.80,11.60,5201.00,5201.00
1450.90,11.60,5201.00,5201.00
1451.00,11.60,5201.00,5201.00
1451.10,11.60,5201.00,5201.00
1451.20,11.70,5201.00,5201.00
1451.30,11.70,5201.00,5201.00
1451.40,11.70,5201.00,5201.00
1451.50,11.70,5201.00,5201.00
1451.60,11.70,5201.00,5201.00
1451.70,11.70,5201.00,5201.00
1451.80,11.70,5201.00,5201.00
1451.90,11.70,5201.00,5201.00
1452.00,11.70,5201.00,5201.00
1452.10,11.70,5201.00,5201.00
1452.20,11.80,5201.00,5201.00
1452.30,11.80,5201.00,5201.00
2188.00,12.30,1166.00,3089.00
2188.10,12.70,1166.00,3088.00
2188.20,12.70,1166.00,3088.00
2188.30,12.70,1170.00,3088.00
2188.40,12.70,1170.00,3088.00
2188.50,12.70,1162.00,2890.00
2188.60,12.70,1162.00,2890.00
2188.70,12.70,1167.00,2879.00
2188.80,12.70,1167.00,2879.00
2188.90,12.70,1167.00,2879.00
2189.00,12.70,1167.00,2879.00
2189.10,12.40,1169.00,2890.00
2189.20,12.40,1169.00,2890.00
2189.30,12.40,1169.00,3096.00
2189.40,12.40,1169.00,3096.00
2189.50,12.40,1169.00,3196.00
2189.60,12.40,1169.00,3196.00
2189.70,12.40,1159.00,3196.00
2189.80,12.40,1159.00,3196.00
2189.90,12.40,1142.00,5201.00
2190.00,12.40,1142.00,5201.00
2190.10,12.30,834.00,5201.00
2190.20,12.30,834.00,5201.00
2190.30,12.30,834.00,5201.00
2190.40,12.30,834.00,5201.00
2190.50,12.30,821.00,5201.00
2190.60,12.30,821.00,5201.00
2190.70,12.30,821.00,5201.00
2190.80,12.30,820.00,5201.00
2190.90,12.30,820.00,353.00
2191.00,12.30,820.00,353.00
2191.10,12.40,833.00,353.00
2191.20,12.40,833.00,353.00
2191.30,12.40,833.00,353.00
2191.40,12.40,833.00,353.00
2191.50,12.40,5201.00,204.00
2191.60,12.40,5201.00,204.00
2191.70,12.40,5201.00,204.00
2191.80,12.40,5201.00,204.00
2191.90,12.40,1923.00,213.00
2192.00,12.40,1923.00,213.00
2192.10,12.40,2010.00,208.00
2192.20,12.40,2010.00,208.00
2192.30,12.40,2010.00,207.00
2192.40,12.40,2010.00,207.00
2192.50,12.40,5201.00,207.00
2192.60,12.40,5201.00,207.00
2192.70,12.40,5201.00,5201.00
2192.80,12.40,5201.00,5201.00
2192.90,12.40,5201.00,5201.00
2193.00,12.40,5201.00,5201.00
2193.10,12.40,5201.00,5201.00
2193.20,12.40,5201.00,5201.00
2193.30,12.40,5201.00,5201.00
2193.40,12.40,5201.00,5201.00
2193.50,12.40,5201.00,5201.00
2193.60,12.40,5201.00,5201.00
2193.70,12.40,5201.00,5201.00
2193.80,12.40,5201.00,5201.00
2906.70,12.30,1666.00,1937.00
2906.80,12.30,1666.00,1937.00
2906.90,12.30,1666.00,1938.00
2907.00,12.30,1666.00,1938.00
2907.10,12.30,1666.00,1938.00
2907.20,12.30,1666.00,1938.00
2907.30,12.30,1666.00,1938.00
2907.40,12.30,1666.00,1938.00
2907.50,12.50,1666.00,1938.00
2907.60,12.50,1666.00,1938.00
2907.70,12.50,1666.00,1939.00
2907.80,12.50,1666.00,1939.00
2907.90,12.50,1666.00,1939.00
2908.00,12.50,1666.00,1926.00
2908.10,12.50,1667.00,1926.00
2908.20,12.50,1667.00,1926.00
2908.30,12.50,1670.00,1922.00
2908.40,12.50,1670.00,1922.00
2908.50,12.30,1670.00,1922.00
2908.60,12.30,1672.00,1949.00
2908.70,12.30,1672.00,1949.00
2908.80,12.30,1672.00,1949.00
2908.90,12.30,1675.00,5201.00
2909.00,12.30,1675.00,5201.00
2909.10,12.30,1675.00,5201.00
2909.20,12.30,1679.00,5201.00
2909.30,12.30,1679.00,5201.00
2909.40,12.30,1679.00,5201.00
2909.50,12.20,1682.00,5201.00
2909.60,12.20,1682.00,5201.00
2909.70,12.20,1686.00,5201.00
2909.80,12.20,1686.00,5201.00
2909.90,12.20,1686.00,5201.00
2910.00,12.20,1690.00,5201.00
2910.10,12.20,1690.00,5201.00
2910.20,12.20,1690.00,5201.00
2910.30,12.20,1684.00,5201.00
2910.40,12.20,1684.00,5201.00
2910.50,12.30,1684.00,5201.00
2910.60,12.30,1472.00,5201.00
2910.70,12.30,1472.00,5201.00
2910.80,12.30,1472.00,5201.00
2910.90,12.30,1465.00,5201.00
2911.00,12.30,1465.00,5201.00
2911.10,12.30,1465.00,5201.00
2911.20,12.30,1465.00,5201.00
2911.30,12.30,1465.00,5201.00
2911.40,12.30,1470.00,5201.00
2911.50,12.30,1470.00,5201.00
2911.60,12.30,1470.00,5201.00
2911.70,12.30,1698.00,5201.00
2911.80,12.30,1698.00,5201.00
2911.90,12.30,1698.00,5201.00
2912.00,12.30,1705.00,5201.00
2912.10,12.30,1705.00,5201.00
2912.20,12.30,1705.00,5201.00
2912.30,12.30,1698.00,5201.00
2912.40,12.30,1698.00,5201.00
2912.50,12.50,1699.00,5201.00
2912.60,12.50,1699.00,5201.00
2912.70,12.50,1699.00,5201.00
2912.80,12.50,1698.00,5201.00
2912.90,12.50,1698.00,5201.00
2913.00,12.50,1698.00,5201.00
2913.10,12.50,1699.00,5201.00
2913.20,12.50,1699.00,5201.00
1941.90,11.80,5201.00,1791.00
1942.00,11.80,5201.00,1791.00
1942.10,11.80,5201.00,1791.00
1942.20,11.80,5201.00,1788.00
1942.30,11.80,5201.00,1788.00
1942.40,11.80,5201.00,1788.00
1942.50,11.80,5201.00,1790.00
1942.60,11.80,5201.00,1790.00
1942.70,11.80,5201.00,1790.00
1942.80,11.80,5201.00,1790.00
1942.90,11.80,5201.00,1790.00
1943.00,11.50,5201.00,1790.00
1943.10,11.50,2862.00,1790.00
1943.20,11.50,2862.00,1790.00
1943.30,11.50,2862.00,200.00
1943.40,11.50,5201.00,200.00
1943.50,11.50,5201.00,200.00
1943.60,11.50,5201.00,213.00
1943.70,11.50,5201.00,213.00
1943.80,11.50,5201.00,213.00
1943.90,11.50,1313.00,603.00
1944.00,11.80,1313.00,603.00
1944.10,11.80,1313.00,603.00
1944.20,11.80,3669.00,645.00
1944.30,11.80,3669.00,645.00
1944.40,11.80,3669.00,678.00
1944.50,11.80,5201.00,678.00
1944.60,11.80,5201.00,678.00
1944.70,11.80,5201.00,952.00
1944.80,11.80,5201.00,952.00
1944.90,11.80,5201.00,952.00
1945.00,11.80,5201.00,1024.00
1945.10,11.80,5201.00,1024.00
1945.20,11.80,5201.00,1024.00
1945.30,11.80,5201.00,800.00
1945.40,11.80,5201.00,800.00
1945.50,11.80,5201.00,800.00
1945.60,11.80,5201.00,1155.00
1945.70,11.80,5201.00,1155.00
1945.80,11.80,5201.00,1205.00
1945.90,11.80,5201.00,1205.00
1946.00,11.60,5201.00,1205.00
1946.10,11.60,5201.00,1289.00
1946.20,11.60,5201.00,1289.00
1946.30,11.60,5201.00,1289.00
1946.40,11.60,5201.00,1331.00
1946.50,11.60,5201.00,1331.00
1946.60,11.60,5201.00,1331.00
1946.70,11.60,5201.00,1329.00
1946.80,11.60,5201.00,1329.00
1946.90,11.60,5201.00,1329.00
1947.00,11.80,5201.00,1328.00
1947.10,11.80,5201.00,1328.00
1947.20,11.80,5201.00,1331.00
1947.30,11.80,5201.00,1331.00
1947.40,11.80,5201.00,1331.00
1947.50,11.80,5201.00,1325.00
1947.60,11.80,5201.00,1325.00
1947.70,11.80,5201.00,1325.00
1947.80,11.80,5201.00,1328.00
1100.70,11.60,2241.00,256.00
1100.80,11.60,2241.00,256.00
1100.90,11.60,2241.00,256.00
1101.00,11.60,2241.00,256.00
1101.10,11.60,2233.00,256.00
1101.20,11.60,2233.00,256.00
1101.30,11.60,2241.00,255.00
1101.40,11.60,2241.00,255.00
1101.50,11.90,2241.00,255.00
1101.60,11.90,2240.00,256.00
1101.70,11.90,2240.00,256.00
1101.80,11.90,2240.00,256.00
1101.90,11.90,2240.00,256.00
1102.00,11.90,2240.00,256.00
1102.10,11.90,2240.00,263.00
1102.20,11.90,2241.00,263.00
1102.30,11.90,2241.00,263.00
1102.40,11.90,2241.00,490.00
1102.50,11.70,2243.00,490.00
1102.60,11.70,2243.00,490.00
1102.70,11.70,2252.00,457.00
1102.80,11.70,2252.00,457.00
1102.90,11.70,2252.00,457.00
1103.00,11.70,5201.00,446.00
1103.10,11.70,5201.00,446.00
1103.20,11.70,5201.00,446.00
1103.30,11.70,3473.00,420.00
1103.40,11.70,3473.00,420.00
1103.50,11.70,3473.00,392.00
1103.60,11.70,3611.00,392.00
1103.70,11.70,3611.00,392.00
1103.80,11.70,3611.00,364.00
1103.90,11.70,3575.00,364.00
1104.00,11.70,3575.00,364.00
1104.10,11.70,461.00,358.00
1104.20,11.70,461.00,358.00
1104.30,11.70,461.00,358.00
1104.40,11.70,197.00,2511.00
1104.50,11.60,197.00,2511.00
1104.60,11.60,197.00,2511.00
1104.70,11.60,204.00,2458.00
1104.80,11.60,204.00,2458.00
1104.90,11.60,204.00,2422.00
1105.00,11.60,211.00,2422.00
1105.10,11.60,211.00,2422.00
1105.20,11.60,211.00,5201.00
1105.30,11.60,194.00,5201.00
1105.40,11.60,194.00,5201.00
1105.50,11.60,204.00,419.00
1105.60,11.60,204.00,419.00
1105.70,11.60,204.00,419.00
1105.80,11.60,203.00,204.00
1105.90,11.60,203.00,204.00
1106.00,11.60,203.00,204.00
1106.10,11.60,199.00,214.00
1106.20,11.60,199.00,214.00
1106.30,11.60,199.00,210.00
1106.40,11.60,199.00,210.00
1106.50,11.70,199.00,210.00
1106.60,11.70,199.00,207.00
1106.70,11.70,207.00,207.00
1106.80,11.70,207.00,207.00
1106.90,11.70,206.00,207.00
1107.00,11.70,206.00,207.00
1107.10,11.70,206.00,207.00
877.00,11.90,1705.00,5201.00
877.10,11.90,1705.00,5201.00
877.20,11.90,1705.00,5201.00
877.30,11.90,1705.00,5201.00
877.40,11.90,1707.00,5201.00
877.50,11.90,1707.00,5201.00
877.60,11.90,1707.00,5201.00
877.70,11.90,1705.00,5201.00
877.80,11.90,1705.00,5201.00
877.90,11.90,1705.00,5201.00
878.00,11.90,1705.00,5201.00
878.10,11.90,1705.00,5201.00
878.20,11.90,1705.00,5201.00
878.30,11.90,1705.00,5201.00
878.40,11.90,1705.00,5201.00
878.50,11.90,1705.00,5201.00
878.60,11.70,1709.00,5201.00
878.70,11.70,1709.00,5201.00
878.80,11.70,1717.00,3379.00
878.90,11.70,1717.00,3379.00
879.00,11.70,1717.00,3379.00
879.10,11.70,1740.00,5201.00
879.20,11.70,1740.00,5201.00
879.30,11.70,1740.00,5201.00
879.40,11.70,3773.00,5201.00
879.50,11.70,3773.00,5201.00
879.60,11.70,3773.00,5201.00
879.70,11.70,3760.00,5201.00
879.80,11.70,3760.00,5201.00
879.90,11.70,3760.00,3452.00
880.00,11.70,3739.00,3452.00
880.10,11.70,3739.00,3452.00
880.20,11.70,3319.00,5201.00
880.30,11.70,3319.00,5201.00
880.40,11.70,3319.00,5201.00
880.50,11.70,3775.00,3555.00
880.60,11.70,3775.00,3555.00
880.70,11.70,3775.00,3555.00
880.80,11.70,3777.00,5201.00
880.90,11.70,3777.00,5201.00
881.00,11.70,3777.00,1996.00
881.10,11.70,1925.00,1996.00
881.20,11.70,1925.00,1996.00
881.30,11.70,1925.00,1898.00
881.40,11.70,1916.00,1898.00
881.50,11.70,1916.00,1898.00
881.60,11.30,1948.00,2908.00
881.70,11.30,1948.00,2908.00
881.80,11.30,3761.00,3482.00
881.90,11.30,3761.00,3482.00
882.00,11.30,3761.00,3482.00
882.10,11.30,3761.00,3482.00
882.20,11.30,3756.00,5201.00
882.30,11.30,3756.00,5201.00
882.40,11.30,3756.00,5201.00
882.50,11.30,3326.00,5201.00
882.60,11.70,3326.00,5201.00
882.70,11.70,3326.00,5201.00
882.80,11.70,3767.00,5201.00
882.90,11.70,3767.00,5201.00
883.00,11.70,3771.00,5201.00
1606.80,12.40,1258.00,2556.00
1606.90,12.40,1262.00,2548.00
1607.00,12.70,1262.00,2548.00
1607.10,12.70,1262.00,2548.00
1607.20,12.70,1261.00,2553.00
1607.30,12.70,1261.00,2553.00
1607.40,12.70,1261.00,2553.00
1607.50,12.70,1265.00,2556.00
1607.60,12.70,1265.00,2556.00
1607.70,12.70,1265.00,2578.00
1607.80,12.70,1259.00,2578.00
1607.90,12.70,1259.00,2578.00
1608.00,12.40,1259.00,2488.00
1608.10,12.40,1261.00,2488.00
1608.20,12.40,1261.00,2488.00
1608.30,12.40,1256.00,2437.00
1608.40,12.40,1256.00,2437.00
1608.50,12.40,1256.00,2437.00
1608.60,12.40,1262.00,2412.00
1608.70,12.40,1262.00,2412.00
1608.80,12.40,1262.00,2412.00
1608.90,12.40,1266.00,2476.00
1609.00,12.60,1266.00,2476.00
1609.10,12.60,1266.00,1694.00
1609.20,12.60,1269.00,1694.00
1609.30,12.60,1269.00,1694.00
1609.40,12.60,1269.00,1643.00
1609.50,12.60,1197.00,1643.00
1609.60,12.60,1197.00,1643.00
1609.70,12.60,1197.00,1643.00
1609.80,12.60,1197.00,1643.00
1609.90,12.60,1197.00,1643.00
1610.00,12.40,1192.00,2389.00
1610.10,12.40,1192.00,2389.00
1610.20,12.40,1192.00,2389.00
1610.30,12.40,1195.00,2390.00
1610.40,12.40,1195.00,2390.00
1610.50,12.40,1195.00,2230.00
1610.60,12.40,1203.00,2230.00
1610.70,12.40,1203.00,2230.00
1610.80,12.40,1203.00,2200.00
1610.90,12.40,1198.00,2200.00
1611.00,12.40,1198.00,2200.00
1611.10,12.40,959.00,1541.00
1611.20,12.40,959.00,1541.00
1611.30,12.40,959.00,1541.00
1611.40,12.40,953.00,1454.00
1611.50,12.40,953.00,1454.00
1611.60,12.40,953.00,1454.00
1611.70,12.40,952.00,1486.00
1611.80,12.40,952.00,1486.00
1611.90,12.40,952.00,1458.00
1612.00,12.40,952.00,1458.00
1612.10,12.40,952.00,1458.00
1612.20,12.40,952.00,1458.00
1612.30,12.40,952.00,1458.00
1612.40,12.40,952.00,1458.00
1612.50,12.40,952.00,1456.00
1612.60,12.40,952.00,1456.00
1612.70,12.40,952.00,1456.00
1612.80,12.40,952.00,1459.00
1612.90,12.40,952.00,1459.00
1613.00,12.70,952.00,1459.00
1613.10,12.70,952.00,1455.00
568.30,12.00,1754.00,5201.00
568.40,12.00,1754.00,5201.00
568.50,12.00,1754.00,5201.00
568.60,12.00,1754.00,5201.00
568.70,12.00,1749.00,5201.00
568.80,12.00,1749.00,5201.00
568.90,12.00,1749.00,5201.00
569.00,12.00,1754.00,5201.00
569.10,12.00,1754.00,5201.00
569.20,12.00,1754.00,5201.00
569.30,12.00,1754.00,5201.00
569.40,12.00,1754.00,5201.00
569.50,12.00,1753.00,3354.00
569.60,12.00,1753.00,3354.00
569.70,11.70,1753.00,3354.00
569.80,11.70,1686.00,5201.00
569.90,11.70,1686.00,5201.00
570.00,11.70,1686.00,5201.00
570.10,11.70,1239.00,5201.00
570.20,11.70,1239.00,5201.00
570.30,11.70,1239.00,3657.00
570.40,11.70,1235.00,3657.00
570.50,11.70,1235.00,3657.00
570.60,11.70,1235.00,5201.00
570.70,11.80,1232.00,5201.00
570.80,11.80,1232.00,5201.00
570.90,11.80,1207.00,5201.00
571.00,11.80,1207.00,5201.00
571.10,11.80,1207.00,5201.00
571.20,11.80,1198.00,5201.00
571.30,11.80,1198.00,5201.00
571.40,11.80,1198.00,5201.00
571.50,11.80,1194.00,5201.00
571.60,11.80,1194.00,5201.00
571.70,11.90,1194.00,5201.00
571.80,11.90,1193.00,5201.00
571.90,11.90,1193.00,5201.00
572.00,11.90,1193.00,5201.00
572.10,11.90,1186.00,5201.00
572.20,11.90,1186.00,5201.00
572.30,11.90,1182.00,5201.00
572.40,11.90,1182.00,5201.00
572.50,11.90,1182.00,5201.00
572.60,11.90,1178.00,5201.00
572.70,11.70,1178.00,5201.00
572.80,11.70,1178.00,5201.00
572.90,11.70,1174.00,5201.00
573.00,11.70,1174.00,5201.00
573.10,11.70,1174.00,5201.00
573.20,11.70,1172.00,5201.00
573.30,11.70,1172.00,5201.00
573.40,11.70,1172.00,5201.00
573.50,11.70,1172.00,5201.00
573.60,11.70,1172.00,5201.00
573.70,12.00,1172.00,5201.00
573.80,12.00,1172.00,5201.00
573.90,12.00,1172.00,5201.00
574.00,12.00,1171.00,5201.00
574.10,12.00,1171.00,5201.00
574.20,12.00,1171.00,5201.00
574.30,12.00,1172.00,5201.00
574.40,12.00,1172.00,5201.00
574.50,12.00,1172.00,5201.00
574.60,12.00,1172.00,5201.00
574.70,12.00,1172.00,5201.00
1173.80,11.90,2241.00,307.00
1173.90,11.90,2242.00,307.00
1174.00,11.90,2242.00,307.00
1174.10,11.90,2242.00,307.00
1174.20,11.90,2241.00,307.00
1174.30,11.90,2241.00,307.00
1174.40,11.90,2241.00,307.00
1174.50,11.90,2242.00,307.00
1174.60,11.90,2242.00,307.00
1174.70,11.90,2242.00,307.00
1174.80,11.90,2241.00,307.00
1174.90,11.90,2241.00,307.00
1175.00,11.90,2241.00,293.00
1175.10,11.90,1505.00,293.00
1175.20,11.90,1505.00,293.00
1175.30,11.70,2243.00,256.00
1175.40,11.70,2243.00,256.00
1175.50,11.70,2243.00,256.00
1175.60,11.70,2249.00,5201.00
1175.70,11.70,2249.00,5201.00
1175.80,11.70,2249.00,5201.00
1175.90,11.70,1495.00,1671.00
1176.00,11.70,1495.00,1671.00
1176.10,11.70,1495.00,2430.00
1176.20,11.70,457.00,2430.00
1176.30,11.70,457.00,2430.00
1176.40,11.60,457.00,2378.00
1176.50,11.60,195.00,2378.00
1176.60,11.60,195.00,2378.00
1176.70,11.60,204.00,2333.00
1176.80,11.60,204.00,2333.00
1176.90,11.60,204.00,2333.00
1177.00,11.60,481.00,1881.00
1177.10,11.60,481.00,1881.00
1177.20,11.60,481.00,1881.00
1177.30,11.60,481.00,1881.00
1177.40,11.30,1516.00,2258.00
1177.50,11.30,1516.00,2334.00
1177.60,11.30,1541.00,2334.00
1177.70,11.30,1541.00,2334.00
1177.80,11.30,1541.00,2346.00
1177.90,11.30,1513.00,2346.00
1178.00,11.30,1513.00,2346.00
1178.10,11.30,1510.00,2362.00
1178.20,11.30,1510.00,2362.00
1178.30,11.30,1510.00,2362.00
1178.40,11.60,1510.00,2362.00
1178.50,11.60,1510.00,2362.00
1178.60,11.60,1510.00,2362.00
1178.70,11.60,1510.00,2355.00
1178.80,11.60,1510.00,2355.00
1178.90,11.60,1510.00,2362.00
1179.00,11.60,1510.00,2362.00
1964.20,12.70,1264.00,1616.00
1964.30,12.70,1275.00,1612.00
1964.40,12.70,1275.00,1612.00
1964.50,12.70,1275.00,1601.00
1964.60,12.70,1260.00,1601.00
1964.70,12.70,1260.00,1601.00
1964.80,12.70,1260.00,1612.00
1964.90,12.70,1268.00,1612.00
1965.00,12.70,1268.00,1612.00
1965.10,12.70,1264.00,1605.00
1965.20,12.70,1264.00,1605.00
1965.30,12.70,1264.00,1605.00
1965.40,12.70,1252.00,1612.00
1965.50,12.70,1252.00,1612.00
1965.60,12.70,1252.00,1612.00
1965.70,12.70,1230.00,2308.00
1965.80,12.40,1230.00,2308.00
1965.90,12.40,1230.00,2371.00
1966.00,12.40,1232.00,2371.00
1966.10,12.40,1232.00,2371.00
1966.20,12.40,1232.00,2408.00
1966.30,12.40,1290.00,2408.00
1966.40,12.40,1290.00,2408.00
1966.50,12.40,1269.00,2435.00
1966.60,12.40,1269.00,2435.00
1966.70,12.40,1269.00,2435.00
1966.80,12.60,1276.00,2540.00
1966.90,12.60,1276.00,2540.00
1967.00,12.60,1276.00,2540.00
1967.10,12.60,1271.00,2573.00
1967.20,12.60,1271.00,2573.00
1967.30,12.60,1271.00,1342.00
1967.40,12.60,1187.00,1342.00
1967.50,12.60,1187.00,1342.00
1967.60,12.60,1187.00,1161.00
1967.70,12.60,1204.00,1161.00
1967.80,12.40,1204.00,1161.00
1967.90,12.40,1183.00,1202.00
1968.00,12.40,1183.00,1202.00
1968.10,12.40,1183.00,1202.00
1968.20,12.40,1289.00,2575.00
1968.30,12.40,1289.00,2575.00
1968.40,12.40,1289.00,2575.00
1968.50,12.40,1284.00,2588.00
1968.60,12.40,1284.00,2588.00
1968.70,12.40,1284.00,5201.00
1968.80,12.40,1281.00,5201.00
1968.90,12.40,1281.00,5201.00
1969.00,12.40,1281.00,5201.00
1969.10,12.40,1288.00,5201.00
1969.20,12.40,1288.00,5201.00
1969.30,12.40,1288.00,2610.00
1969.40,12.40,1288.00,2610.00
1969.50,12.40,1288.00,2610.00
1969.60,12.40,1284.00,5201.00
1969.70,12.40,1284.00,5201.00
1969.80,12.70,1284.00,5201.00
1969.90,12.70,1285.00,5201.00
1970.00,12.70,1285.00,5201.00
2237.80,12.70,1199.00,3049.00
2237.90,12.70,1199.00,3049.00
2238.00,12.70,1199.00,3055.00
2238.10,12.40,1199.00,3055.00
2238.20,12.40,1199.00,3042.00
2238.30,12.40,1199.00,3042.00
2238.40,12.40,1199.00,3042.00
2238.50,12.40,1199.00,3052.00
2238.60,12.40,1199.00,3052.00
2238.70,12.40,1199.00,3052.00
2238.80,12.40,1199.00,3056.00
2238.90,12.40,1199.00,3056.00
2239.00,12.40,1199.00,3056.00
2239.10,12.30,1202.00,3045.00
2239.20,12.30,1202.00,3045.00
2239.30,12.30,1202.00,3045.00
2239.40,12.30,1155.00,3051.00
2239.50,12.30,1155.00,3051.00
2239.60,12.30,1155.00,5201.00
2239.70,12.30,861.00,5201.00
2239.80,12.30,861.00,5201.00
2239.90,12.30,861.00,2921.00
2240.00,12.30,833.00,2921.00
2240.10,12.40,833.00,2921.00
2240.20,12.40,826.00,5201.00
2240.30,12.40,826.00,5201.00
2240.40,12.40,826.00,5201.00
2240.50,12.40,829.00,5201.00
2240.60,12.40,829.00,5201.00
2240.70,12.40,829.00,5201.00
2240.80,12.40,829.00,5201.00
2240.90,12.40,829.00,5201.00
2241.00,12.40,829.00,246.00
2241.10,12.40,856.00,246.00
2241.20,12.40,856.00,246.00
2241.30,12.40,856.00,222.00
2241.40,12.40,5201.00,222.00
2241.50,12.40,5201.00,222.00
2241.60,12.40,1856.00,198.00
2241.70,12.40,1856.00,198.00
2241.80,12.40,1856.00,198.00
2241.90,12.40,5201.00,205.00
2242.00,12.40,5201.00,205.00
2242.10,12.70,5201.00,205.00
2242.20,12.70,5201.00,376.00
2242.30,12.70,5201.00,376.00
2242.40,12.70,5201.00,361.00
2242.50,12.70,5201.00,361.00
2242.60,12.70,5201.00,361.00
2242.70,12.70,5201.00,363.00
2242.80,12.70,5201.00,363.00
2242.90,12.70,5201.00,363.00
2243.00,12.70,5201.00,367.00
2243.10,12.70,5201.00,367.00
2243.20,12.70,5201.00,367.00
2243.30,12.70,5201.00,354.00
1739.30,12.70,727.00,5201.00
1739.40,12.70,727.00,5201.00
1739.50,12.70,727.00,5201.00
1739.60,12.70,727.00,5201.00
1739.70,12.70,727.00,5201.00
1739.80,12.70,727.00,5201.00
1739.90,12.70,727.00,5201.00
1740.00,12.70,727.00,5201.00
1740.10,12.70,727.00,5201.00
1740.20,12.70,727.00,5201.00
1740.30,12.70,727.00,5201.00
1740.40,12.70,727.00,5201.00
1740.50,12.70,727.00,5201.00
1740.60,12.70,727.00,5201.00
1740.70,12.70,728.00,5201.00
1740.80,12.70,728.00,5201.00
1740.90,12.50,728.00,3399.00
1741.00,12.50,739.00,3399.00
1741.10,12.50,739.00,3399.00
1741.20,12.50,3013.00,3254.00
1741.30,12.50,3013.00,3254.00
1741.40,12.50,3013.00,3254.00
1741.50,12.50,5201.00,5201.00
1741.60,12.50,5201.00,5201.00
1741.70,12.50,5201.00,5201.00
1741.80,12.50,5201.00,332.00
1741.90,12.40,5201.00,332.00
1742.00,12.40,5201.00,268.00
1742.10,12.40,5201.00,268.00
1742.20,12.40,5201.00,268.00
1742.30,12.40,5201.00,224.00
1742.40,12.40,5201.00,224.00
1742.50,12.40,5201.00,224.00
1742.60,12.40,5201.00,196.00
1742.70,12.40,5201.00,196.00
1742.80,12.40,5201.00,196.00
1742.90,12.40,5201.00,203.00
1743.00,12.40,5201.00,203.00
1743.10,12.40,5201.00,203.00
1743.20,12.40,3010.00,217.00
1743.30,12.40,3010.00,217.00
1743.40,12.40,3010.00,205.00
1743.50,12.40,5201.00,205.00
1743.60,12.40,5201.00,205.00
1743.70,12.40,5201.00,209.00
1743.80,12.40,5201.00,209.00
1743.90,12.40,5201.00,209.00
1744.00,12.40,5201.00,219.00
1744.10,12.40,5201.00,219.00
1744.20,12.40,5201.00,219.00
1744.30,12.40,5201.00,213.00
1744.40,12.40,5201.00,213.00
1744.50,12.40,5201.00,213.00
1744.60,12.40,5201.00,212.00
1744.70,12.40,5201.00,212.00
1744.80,12.40,5201.00,209.00
1744.90,12.70,5201.00,209.00
1745.00,12.70,5201.00,209.00
623.60,12.70,1590.00,1783.00
623.70,12.70,1590.00,1783.00
623.80,12.70,1590.00,1783.00
623.90,12.70,1587.00,1787.00
624.00,12.70,1587.00,1787.00
624.10,12.70,1587.00,1787.00
624.20,12.70,1587.00,1791.00
624.30,12.70,1587.00,1791.00
624.40,12.70,1587.00,1791.00
624.50,12.70,1587.00,1791.00
624.60,12.70,1587.00,1791.00
624.70,12.70,1587.00,1791.00
624.80,12.70,1591.00,1791.00
624.90,12.70,1591.00,1791.00
625.00,12.30,5201.00,1774.00
625.10,12.30,5201.00,1774.00
625.20,12.30,5201.00,1774.00
625.30,12.30,5201.00,2160.00
625.40,12.30,5201.00,2160.00
625.50,12.30,5201.00,2160.00
625.60,12.30,5201.00,5201.00
625.70,12.30,5201.00,5201.00
625.80,12.30,5201.00,5201.00
625.90,12.30,3569.00,5201.00
626.00,12.40,3569.00,5201.00
626.10,12.40,3569.00,5201.00
626.20,12.40,5201.00,5201.00
626.30,12.40,5201.00,5201.00
626.40,12.40,5201.00,5201.00
626.50,12.40,5201.00,5201.00
626.60,12.40,5201.00,5201.00
626.70,12.40,1474.00,1507.00
626.80,12.40,1474.00,1507.00
626.90,12.40,1474.00,1507.00
627.00,12.50,3371.00,3384.00
627.10,12.50,3371.00,3384.00
627.20,12.50,3371.00,5201.00
627.30,12.50,5201.00,5201.00
627.40,12.50,5201.00,5201.00
627.50,12.50,5201.00,5201.00
627.60,12.50,5201.00,5201.00
627.70,12.50,5201.00,5201.00
627.80,12.50,5201.00,5201.00
627.90,12.50,5201.00,5201.00
628.00,12.40,5201.00,5201.00
628.10,12.40,5201.00,5201.00
628.20,12.40,5201.00,5201.00
628.30,12.40,5201.00,5201.00
628.40,12.40,5201.00,5201.00
1246.00,11.90,1523.00,2363.00
1246.10,11.90,1523.00,2286.00
1246.20,11.90,1526.00,2286.00
1246.30,11.90,1526.00,2286.00
1246.40,11.90,1526.00,2363.00
1246.50,11.90,1526.00,2363.00
1246.60,11.90,1526.00,2363.00
1246.70,11.90,1526.00,2363.00
1246.80,11.90,1526.00,2363.00
1246.90,11.90,1526.00,2363.00
1247.00,11.90,1526.00,2360.00
1247.10,11.90,1526.00,2360.00
1247.20,11.90,1526.00,2360.00
1247.30,11.60,1523.00,2371.00
1247.40,11.60,1523.00,2371.00
1247.50,11.60,1523.00,2399.00
1247.60,11.60,1513.00,2399.00
1247.70,11.60,1513.00,2399.00
1247.80,11.60,1513.00,2346.00
1247.90,11.60,1512.00,2346.00
1248.00,11.60,1512.00,2346.00
1248.10,11.60,1508.00,2363.00
1248.20,11.60,1508.00,2363.00
1248.30,11.80,1508.00,2363.00
1248.40,11.80,1547.00,2388.00
1248.50,11.80,1547.00,2388.00
1248.60,11.80,1547.00,2388.00
1248.70,11.80,5201.00,2418.00
1248.80,11.80,5201.00,2418.00
1248.90,11.80,5201.00,2445.00
1249.00,11.80,5201.00,2445.00
1249.10,11.80,5201.00,2445.00
1249.20,11.80,5201.00,2476.00
1249.30,11.80,5201.00,2476.00
1249.40,11.80,5201.00,2476.00
1249.50,11.80,5201.00,2507.00
1249.60,11.80,5201.00,2507.00
1249.70,11.80,5201.00,2507.00
1249.80,11.80,5201.00,2514.00
1249.90,11.80,5201.00,2514.00
1250.00,11.80,5201.00,2514.00
1250.10,11.80,5201.00,2517.00
1250.20,11.80,5201.00,2517.00
1250.30,11.60,5201.00,2514.00
1250.40,11.60,5201.00,2514.00
1250.50,11.60,5201.00,2514.00
1250.60,11.60,5201.00,2517.00
1250.70,11.60,5201.00,2517.00
1250.80,11.60,5201.00,2517.00
1250.90,11.60,5201.00,2517.00
1251.00,11.60,5201.00,2517.00
1251.10,11.60,5201.00,2517.00
1251.20,11.60,5201.00,2514.00
1251.30,11.90,5201.00,2514.00
1251.40,11.90,5201.00,2514.00
1251.50,11.90,5201.00,2514.00
1251.60,11.90,5201.00,2514.00
1251.70,11.90,5201.00,2514.00
1251.80,11.90,5201.00,2514.00
1093.00,12.70,1035.00,1553.00
1093.10,12.70,1035.00,1553.00
1093.20,12.70,1035.00,1553.00
1093.30,12.70,1035.00,1552.00
1093.40,12.70,1036.00,1552.00
1093.50,12.70,1036.00,1552.00
1093.60,12.70,1036.00,1550.00
1093.70,12.70,1035.00,1550.00
1093.80,12.60,1035.00,1550.00
1093.90,12.60,1035.00,1552.00
1094.00,12.60,1035.00,1552.00
1094.10,12.60,1035.00,1552.00
1094.20,12.60,1035.00,1553.00
1094.30,12.60,1035.00,1553.00
1094.40,12.60,1035.00,1553.00
1094.50,12.60,1035.00,1553.00
1094.60,12.60,1035.00,1553.00
1094.70,12.60,1035.00,1465.00
1094.80,12.50,1038.00,1465.00
1094.90,12.50,1038.00,1465.00
1095.00,12.50,1038.00,1461.00
1095.10,12.50,1057.00,1461.00
1095.20,12.50,1057.00,1461.00
1095.30,12.50,5201.00,1449.00
1095.40,12.50,5201.00,1449.00
1095.50,12.50,5201.00,1449.00
1095.60,12.50,5201.00,2432.00
1095.70,12.50,5201.00,2432.00
1095.80,12.40,5201.00,2432.00
1095.90,12.40,5201.00,2342.00
1096.00,12.40,5201.00,2342.00
1096.10,12.40,5201.00,2248.00
1096.20,12.40,1889.00,2248.00
1096.30,12.40,1889.00,2248.00
1096.40,12.40,1889.00,2186.00
1096.50,12.40,1852.00,2186.00
1096.60,12.40,1852.00,2186.00
1096.70,12.40,1607.00,2151.00
1096.80,12.50,1607.00,2151.00
1096.90,12.50,1607.00,2151.00
1097.00,12.50,1620.00,2095.00
1097.10,12.50,1620.00,2095.00
1097.20,12.50,1620.00,2095.00
1097.30,12.50,1844.00,2045.00
1097.40,12.50,1844.00,2045.00
1097.50,12.50,1844.00,1997.00
1097.60,12.50,1851.00,1997.00
1097.70,12.50,1851.00,1997.00
1097.80,12.40,1851.00,2433.00
1097.90,12.40,1877.00,2433.00
1098.00,12.40,1877.00,2433.00
1098.10,12.40,1905.00,2405.00
1098.20,12.40,1905.00,2405.00
1098.30,12.40,1905.00,2405.00
1098.40,12.40,3273.00,2386.00
1098.50,12.40,3273.00,2386.00
1098.60,12.40,3273.00,2386.00
1098.70,12.40,3261.00,2383.00
1098.80,12.70,3261.00,2383.00
1098.90,12.70,3261.00,2383.00
1099.00,12.70,3262.00,2383.00
1099.10,12.70,3262.00,2383.00
1099.20,12.70,3262.00,2376.00
1099.30,12.70,3265.00,2376.00
1865.10,12.60,1719.00,1554.00
1865.20,12.60,1715.00,1554.00
1865.30,12.60,1715.00,1554.00
1865.40,12.60,1715.00,1550.00
1865.50,12.60,1709.00,1550.00
1865.60,12.60,1709.00,1550.00
1865.70,12.60,1704.00,1550.00
1865.80,12.60,1704.00,1550.00
1865.90,12.40,1704.00,1550.00
1866.00,12.40,1701.00,1550.00
1866.10,12.40,1701.00,1550.00
1866.20,12.40,1701.00,1550.00
1866.30,12.40,1719.00,1551.00
1866.40,12.40,1719.00,1551.00
1866.50,12.40,1719.00,1586.00
1866.60,12.40,1713.00,1586.00
1866.70,12.40,1713.00,1586.00
1866.80,12.40,1713.00,1563.00
1866.90,12.30,1567.00,1563.00
1867.00,12.30,1567.00,1563.00
1867.10,12.30,1561.00,1690.00
1867.20,12.30,1561.00,1690.00
1867.30,12.30,1561.00,1690.00
1867.40,12.30,1564.00,1674.00
1867.50,12.30,1564.00,1674.00
1867.60,12.30,1564.00,1674.00
1867.70,12.30,1566.00,1656.00
1867.80,12.30,1566.00,1656.00
1867.90,12.30,1566.00,1629.00
1868.00,12.30,1567.00,1629.00
1868.10,12.30,1567.00,1629.00
1868.20,12.30,1567.00,1589.00
1868.30,12.30,1574.00,1589.00
1868.40,12.30,1574.00,1589.00
1868.50,12.30,1586.00,1572.00
1868.60,12.30,1586.00,1572.00
1868.70,12.30,1586.00,1572.00
1868.80,12.30,1687.00,1545.00
1868.90,12.40,1687.00,1545.00
1869.00,12.40,1687.00,1545.00
1869.10,12.40,1608.00,1531.00
1869.20,12.40,1608.00,1531.00
1869.30,12.40,1608.00,1510.00
1869.40,12.40,1616.00,1510.00
1869.50,12.40,1616.00,1510.00
1869.60,12.40,1616.00,1490.00
1869.70,12.40,1614.00,1490.00
1869.80,12.40,1614.00,1490.00
1869.90,12.40,1615.00,1468.00
1870.00,12.40,1615.00,1468.00
1870.10,12.40,1615.00,1468.00
1870.20,12.40,1614.00,1453.00
1870.30,12.40,1614.00,1453.00
1870.40,12.40,1614.00,1453.00
1870.50,12.40,1614.00,1456.00
1870.60,12.40,1614.00,1456.00
1870.70,12.40,1614.00,1453.00
1870.80,12.40,1613.00,1453.00
1870.90,12.60,1613.00,1453.00
1871.00,12.60,1613.00,1456.00
1871.10,12.60,1614.00,1456.00
1871.20,12.60,1614.00,1456.00
1871.30,12.60,1607.00,1456.00
1871.40,12.60,1607.00,1456.00
1871.50,12.60,1607.00,1456.00
1871.60,12.60,1614.00,1456.00
490.80,12.80,1097.00,2841.00
490.90,12.80,1097.00,2841.00
491.00,12.80,1097.00,2833.00
491.10,12.80,1097.00,2833.00
491.20,12.80,1097.00,2833.00
491.30,12.60,1097.00,2830.00
491.40,12.60,1097.00,2830.00
491.50,12.60,1097.00,2830.00
491.60,12.60,1097.00,2833.00
491.70,12.60,1097.00,2833.00
491.80,12.60,1097.00,2830.00
491.90,12.60,1097.00,2830.00
492.00,12.60,1097.00,2830.00
492.10,12.60,1097.00,3030.00
492.20,12.60,1096.00,3030.00
492.30,12.50,1096.00,3030.00
492.40,12.50,1107.00,2797.00
492.50,12.50,1107.00,2797.00
492.60,12.50,1107.00,2797.00
492.70,12.50,1109.00,2768.00
492.80,12.50,1109.00,2768.00
492.90,12.50,1109.00,2768.00
493.00,12.50,1112.00,2743.00
493.10,12.50,1112.00,2743.00
493.20,12.50,1112.00,2705.00
493.30,12.50,1116.00,2705.00
493.40,12.50,1116.00,2705.00
493.50,12.50,1116.00,2671.00
493.60,12.50,1112.00,2671.00
493.70,12.50,1112.00,2671.00
493.80,12.50,1114.00,2644.00
493.90,12.50,1114.00,2644.00
494.00,12.50,1114.00,2644.00
494.10,12.50,818.00,2617.00
494.20,12.50,818.00,2617.00
494.30,12.50,818.00,2617.00
494.40,12.50,818.00,2617.00
494.50,12.50,818.00,2617.00
494.60,12.50,818.00,2617.00
494.70,12.50,808.00,2617.00
494.80,12.50,808.00,2617.00
494.90,12.50,808.00,5201.00
495.00,12.50,815.00,5201.00
495.10,12.50,815.00,5201.00
495.20,12.50,815.00,5201.00
495.30,12.50,815.00,5201.00
495.40,12.50,815.00,5201.00
495.50,12.50,832.00,5201.00
495.60,12.50,832.00,5201.00
495.70,12.50,832.00,5201.00
495.80,12.50,835.00,5201.00
495.90,12.50,835.00,5201.00
496.00,12.50,835.00,5201.00
496.10,12.50,836.00,5201.00
496.20,12.50,836.00,5201.00
496.30,12.70,836.00,5201.00
496.40,12.70,836.00,5201.00
496.50,12.70,836.00,5201.00
496.60,12.70,836.00,5201.00
496.70,12.70,836.00,5201.00
496.80,12.70,836.00,5201.00
496.90,12.70,835.00,5201.00
497.00,12.70,835.00,5201.00
497.10,12.70,835.00,5201.00
469.80,12.00,1099.00,5201.00
469.90,12.00,1099.00,5201.00
470.00,12.00,1099.00,5201.00
470.10,12.00,1099.00,5201.00
470.20,12.00,1099.00,5201.00
470.30,12.00,1099.00,5201.00
470.40,12.00,1098.00,5201.00
470.50,12.00,1098.00,5201.00
470.60,12.00,1098.00,5201.00
470.70,11.80,1099.00,5201.00
470.80,11.80,1099.00,5201.00
470.90,11.80,1099.00,5201.00
471.00,11.80,1099.00,5201.00
471.10,11.80,1099.00,5201.00
471.20,11.80,1099.00,5201.00
471.30,11.80,1101.00,5201.00
471.40,11.80,1101.00,5201.00
471.50,11.80,1103.00,5201.00
471.60,11.80,1103.00,5201.00
471.70,11.70,1103.00,5201.00
471.80,11.70,1108.00,691.00
471.90,11.70,1108.00,691.00
472.00,11.70,1108.00,691.00
472.10,11.70,1112.00,655.00
472.20,11.70,1112.00,655.00
472.30,11.70,1112.00,626.00
472.40,11.70,1113.00,626.00
472.50,11.70,1113.00,626.00
472.60,11.70,1113.00,596.00
472.70,11.70,1114.00,596.00
472.80,11.70,1114.00,596.00
472.90,11.70,1115.00,563.00
473.00,11.70,1115.00,563.00
473.10,11.70,1115.00,563.00
473.20,11.70,1116.00,524.00
473.30,11.70,1116.00,524.00
473.40,11.70,1116.00,524.00
473.50,11.70,1117.00,487.00
473.60,11.70,1117.00,487.00
473.70,11.70,1117.00,450.00
473.80,11.70,1117.00,450.00
473.90,11.70,1117.00,450.00
474.00,11.70,1117.00,414.00
474.10,11.70,1117.00,414.00
474.20,11.70,1117.00,414.00
474.30,11.70,1116.00,379.00
474.40,11.70,1116.00,379.00
474.50,11.70,1116.00,379.00
474.60,11.70,1116.00,351.00
474.70,11.70,1116.00,351.00
474.80,11.70,1116.00,351.00
474.90,11.70,1116.00,336.00
475.00,11.70,1116.00,336.00
475.10,11.70,1116.00,335.00
475.20,11.70,1116.00,335.00
475.30,11.70,1116.00,335.00
475.40,11.70,1116.00,335.00
475.50,11.70,1116.00,335.00
475.60,11.70,1116.00,335.00
475.70,12.00,1116.00,335.00
475.80,12.00,1116.00,335.00
475.90,12.00,1116.00,335.00
476.00,12.00,1116.00,335.00
476.10,12.00,1116.00,335.00
476.20,12.00,1116.00,335.00
446.90,12.50,828.00,2611.00
447.00,12.50,828.00,2608.00
447.10,12.50,827.00,2608.00
447.20,12.50,827.00,2608.00
447.30,12.70,827.00,2611.00
447.40,12.70,828.00,2611.00
447.50,12.70,828.00,2611.00
447.60,12.70,828.00,2607.00
447.70,12.70,828.00,2607.00
447.80,12.70,828.00,2607.00
447.90,12.70,827.00,2611.00
448.00,12.70,827.00,2611.00
448.10,12.70,827.00,2611.00
448.20,12.70,827.00,2603.00
448.30,12.60,827.00,2603.00
448.40,12.60,827.00,2606.00
448.50,12.60,822.00,2606.00
448.60,12.60,822.00,2606.00
448.70,12.60,822.00,2606.00
448.80,12.60,822.00,2606.00
448.90,12.60,822.00,2606.00
449.00,12.60,815.00,2045.00
449.10,12.60,815.00,2045.00
449.20,12.60,815.00,2045.00
449.30,12.50,821.00,2815.00
449.40,12.50,821.00,2815.00
449.50,12.50,821.00,2815.00
449.60,12.50,824.00,2851.00
449.70,12.50,824.00,2851.00
449.80,12.50,824.00,2735.00
449.90,12.50,1143.00,2735.00
450.00,12.50,1143.00,2735.00
450.10,12.50,1143.00,1680.00
450.20,12.50,1117.00,1680.00
450.30,12.70,1117.00,1680.00
450.40,12.70,1103.00,1750.00
450.50,12.70,1103.00,1750.00
450.60,12.70,1103.00,1750.00
450.70,12.70,1095.00,1772.00
450.80,12.70,1095.00,1772.00
450.90,12.70,1095.00,1772.00
451.00,12.70,1095.00,1779.00
451.10,12.70,1095.00,1779.00
451.20,12.70,1095.00,1775.00
451.30,12.70,1098.00,1775.00
451.40,12.70,1098.00,1775.00
451.50,12.70,1098.00,1801.00
451.60,12.70,1097.00,1801.00
451.70,12.70,1097.00,1801.00
1235.50,12.60,907.00,2905.00
1235.60,12.60,907.00,2905.00
1235.70,12.70,907.00,2905.00
1235.80,12.70,904.00,2898.00
1235.90,12.70,904.00,2898.00
1236.00,12.70,904.00,2902.00
1236.10,12.70,904.00,2902.00
1236.20,12.70,904.00,2902.00
1236.30,12.70,904.00,2901.00
1236.40,12.70,905.00,2901.00
1236.50,12.70,905.00,2901.00
1236.60,12.70,905.00,2901.00
1236.70,12.40,905.00,2901.00
1236.80,12.40,905.00,2901.00
1236.90,12.40,910.00,1686.00
1237.00,12.40,910.00,1686.00
1237.10,12.40,910.00,1686.00
1237.20,12.40,935.00,3191.00
1237.30,12.40,935.00,3191.00
1237.40,12.40,935.00,3092.00
1237.50,12.40,3707.00,3092.00
1237.60,12.40,3707.00,3092.00
1237.70,12.50,3707.00,3422.00
1237.80,12.50,2506.00,3422.00
1237.90,12.50,2506.00,3422.00
1238.00,12.50,1881.00,3705.00
1238.10,12.50,1881.00,3705.00
1238.20,12.50,1881.00,3705.00
1238.30,12.50,5201.00,3650.00
1238.40,12.50,5201.00,3650.00
1238.50,12.50,5201.00,3650.00
1238.60,12.50,1866.00,3581.00
1238.70,12.50,1866.00,3581.00
1238.80,12.50,1866.00,3526.00
1238.90,12.50,1894.00,3526.00
1239.00,12.50,1894.00,3526.00
1239.10,12.50,1894.00,3461.00
1239.20,12.50,1880.00,3461.00
1239.30,12.50,1880.00,3461.00
1239.40,12.50,3327.00,3404.00
1239.50,12.50,3327.00,3404.00
1239.60,12.50,3327.00,3404.00
1239.70,12.40,1904.00,3359.00
1239.80,12.40,1904.00,3359.00
1239.90,12.40,1904.00,3359.00
1240.00,12.40,1898.00,3315.00
1240.10,12.40,1898.00,3315.00
1240.20,12.40,1898.00,3273.00
1240.30,12.40,1902.00,3273.00
1240.40,12.40,1902.00,3273.00
1240.50,12.40,1902.00,3285.00
1240.60,12.40,1902.00,3285.00
1240.70,12.50,1902.00,3285.00
1240.80,12.50,1902.00,3286.00
1240.90,12.50,1902.00,3286.00
1241.00,12.50,1902.00,3286.00
1241.10,12.50,1902.00,3282.00
1241.20,12.50,1902.00,3282.00
1241.30,12.50,1902.00,3282.00
1555.80,11.80,1141.00,5201.00
1555.90,11.80,1141.00,5201.00
1556.00,11.80,1141.00,5201.00
1556.10,11.80,1141.00,5201.00
1556.20,11.70,1141.00,5201.00
1556.30,11.70,1141.00,5201.00
1556.40,11.70,1141.00,5201.00
1556.50,11.70,1141.00,5201.00
1556.60,11.70,1140.00,5201.00
1556.70,11.70,1140.00,5201.00
1556.80,11.70,1140.00,5201.00
1556.90,11.70,1137.00,5201.00
1557.00,11.70,1137.00,5201.00
1557.10,11.70,1137.00,5201.00
1557.20,11.50,1148.00,5201.00
1557.30,11.50,1148.00,5201.00
1557.40,11.50,1898.00,2449.00
1557.50,11.50,1898.00,2449.00
1557.60,11.50,1898.00,2449.00
1557.70,11.50,5201.00,5201.00
1557.80,11.50,5201.00,5201.00
1557.90,11.50,5201.00,5201.00
1558.00,11.50,5201.00,2406.00
1558.10,11.50,5201.00,2406.00
1558.20,11.60,5201.00,2243.00
1558.30,11.60,5201.00,2243.00
1558.40,11.60,5201.00,2243.00
1558.50,11.60,5201.00,2181.00
1558.60,11.60,5201.00,2181.00
1558.70,11.60,5201.00,2181.00
1558.80,11.60,5201.00,2115.00
1558.90,11.60,5201.00,2115.00
1559.00,11.60,5201.00,2115.00
1559.10,11.60,5201.00,2057.00
1559.20,11.70,5201.00,2057.00
1559.30,11.70,5201.00,2057.00
1559.40,11.70,5201.00,1996.00
1559.50,11.70,5201.00,1996.00
1559.60,11.70,5201.00,1950.00
1559.70,11.70,5201.00,1950.00
1559.80,11.70,5201.00,1950.00
1559.90,11.70,5201.00,2007.00
1560.00,11.70,5201.00,2007.00
1560.10,11.70,5201.00,2007.00
1560.20,11.60,5201.00,1954.00
1560.30,11.60,5201.00,1954.00
1560.40,11.60,5201.00,1954.00
1560.50,11.60,5201.00,1920.00
1560.60,11.60,5201.00,1920.00
1560.70,11.60,5201.00,1920.00
1560.80,11.60,5201.00,1910.00
1560.90,11.60,5201.00,1910.00
1561.00,11.60,5201.00,1911.00
1561.10,11.60,5201.00,1911.00
1561.20,11.80,5201.00,1911.00
1561.30,11.80,5201.00,1910.00
1561.40,11.80,5201.00,1910.00
1561.50,11.80,5201.00,1910.00
1561.60,11.80,5201.00,1911.00
1561.70,11.80,5201.00,1911.00
631.70,12.00,1171.00,5201.00
631.80,12.00,1171.00,5201.00
631.90,12.00,1171.00,5201.00
632.00,12.00,1171.00,5201.00
632.10,12.00,1171.00,5201.00
632.20,12.00,1171.00,5201.00
632.30,12.00,1171.00,5201.00
632.40,12.00,1171.00,5201.00
632.50,12.00,1171.00,5201.00
632.60,12.00,1171.00,5201.00
632.70,11.70,1171.00,5201.00
632.80,11.70,1171.00,5201.00
632.90,11.70,1171.00,5201.00
633.00,11.70,1171.00,5201.00
633.10,11.70,1173.00,5201.00
633.20,11.70,1173.00,3518.00
633.30,11.70,1180.00,3518.00
633.40,11.70,1180.00,3518.00
633.50,11.70,1180.00,5201.00
633.60,11.70,1180.00,5201.00
633.70,11.70,1196.00,5201.00
633.80,11.70,1196.00,5201.00
633.90,11.70,1223.00,5201.00
634.00,11.70,1223.00,5201.00
634.10,11.70,1685.00,5201.00
634.20,11.70,1685.00,5201.00
634.30,11.70,1685.00,5201.00
634.40,11.70,1758.00,3587.00
634.50,11.70,1758.00,3587.00
634.60,11.70,1758.00,3587.00
634.70,11.70,1765.00,3705.00
634.80,11.70,1765.00,3705.00
634.90,11.70,1765.00,5201.00
635.00,11.70,1765.00,5201.00
635.10,11.70,1779.00,5201.00
635.20,11.70,3425.00,5201.00
635.30,11.70,3425.00,5201.00
635.40,11.70,3425.00,5201.00
635.50,11.70,3797.00,5201.00
635.60,11.70,3797.00,5201.00
635.70,11.70,3797.00,5201.00
635.80,11.70,3797.00,5201.00
635.90,11.70,3798.00,5201.00
636.00,11.70,3798.00,5201.00
636.10,11.70,3796.00,5201.00
636.20,11.70,3796.00,5201.00
636.30,11.70,3796.00,3801.00
636.40,11.70,3798.00,3801.00
636.50,11.70,3798.00,3801.00
636.60,11.70,3797.00,3795.00
636.70,11.70,3797.00,3795.00
636.80,11.70,3797.00,3795.00
636.90,11.70,3794.00,5201.00
637.00,11.70,3794.00,5201.00
637.10,11.70,3794.00,5201.00
637.20,11.70,3797.00,5201.00
637.30,11.70,3797.00,5201.00
637.40,11.70,3797.00,3802.00
637.50,11.70,3790.00,3802.00
637.60,12.00,3790.00,3802.00
1604.30,11.60,2339.00,370.00
1604.40,11.60,2339.00,370.00
1604.50,11.60,2344.00,370.00
1604.60,11.60,2344.00,370.00
1604.70,11.60,2344.00,370.00
1604.80,11.60,2351.00,370.00
1604.90,11.60,2351.00,370.00
1605.00,11.60,2355.00,369.00
1605.10,11.60,2355.00,369.00
1605.20,11.80,2355.00,369.00
1605.30,11.80,2350.00,370.00
1605.40,11.80,2350.00,370.00
1605.50,11.80,2350.00,370.00
1605.60,11.80,2344.00,369.00
1605.70,11.80,2344.00,369.00
1605.80,11.80,2344.00,386.00
1605.90,11.80,2322.00,386.00
1606.00,11.80,2322.00,386.00
1606.10,11.80,2322.00,410.00
1606.20,11.80,2326.00,410.00
1606.30,11.80,2326.00,410.00
1606.40,11.80,2333.00,435.00
1606.50,11.80,2333.00,435.00
1606.60,11.80,2333.00,435.00
1606.70,11.80,2333.00,461.00
1606.80,11.80,2333.00,461.00
1606.90,11.80,2333.00,461.00
1607.00,11.80,2331.00,487.00
1607.10,11.80,2331.00,487.00
1607.20,11.60,2331.00,515.00
1607.30,11.60,2325.00,515.00
1607.40,11.60,2325.00,515.00
1607.50,11.60,2325.00,541.00
1607.60,11.60,2328.00,541.00
1607.70,11.60,2328.00,541.00
1607.80,11.60,2334.00,567.00
1607.90,11.60,2334.00,567.00
1608.00,11.60,2334.00,567.00
1608.10,11.60,2346.00,599.00
1608.20,11.80,2346.00,599.00
1608.30,11.80,2346.00,599.00
1608.40,11.80,2351.00,631.00
1608.50,11.80,2351.00,631.00
1608.60,11.80,2351.00,670.00
1608.70,11.80,2375.00,670.00
1608.80,11.80,2375.00,670.00
1608.90,11.80,2375.00,715.00
1609.00,11.80,5201.00,715.00
1609.10,11.80,5201.00,715.00
1609.20,11.80,5201.00,5201.00
1609.30,11.80,5201.00,5201.00
1609.40,11.80,5201.00,5201.00
1609.50,11.80,5201.00,5201.00
1609.60,11.80,5201.00,5201.00
1609.70,11.80,5201.00,5201.00
1609.80,11.80,5201.00,5201.00
1609.90,11.80,5201.00,5201.00
1610.00,11.80,5201.00,5201.00
1610.10,11.80,5201.00,5201.00
1610.20,11.60,5201.00,5201.00
1610.30,11.60,5201.00,5201.00
1610.40,11.60,5201.00,5201.00
1610.50,11.60,5201.00,5201.00
1610.60,11.60,5201.00,5201.00
1610.70,11.60,5201.00,5201.00
2101.30,11.80,1975.00,5201.00
2101.40,11.80,1975.00,5201.00
2101.50,11.80,1234.00,5201.00
2101.60,11.80,1234.00,5201.00
2101.70,11.80,1235.00,5201.00
2101.80,11.80,1235.00,5201.00
2101.90,11.60,1235.00,5201.00
2102.00,11.60,1235.00,5201.00
2102.10,11.60,1235.00,5201.00
2102.20,11.60,1235.00,5201.00
2102.30,11.60,1235.00,5201.00
2102.40,11.60,1235.00,5201.00
2102.50,11.60,1235.00,3508.00
2102.60,11.60,1977.00,3508.00
2102.70,11.60,1977.00,3508.00
2102.80,11.60,1977.00,5201.00
2102.90,11.60,1978.00,5201.00
2103.00,11.60,1978.00,5201.00
2103.10,11.60,1241.00,5201.00
2103.20,11.60,1241.00,5201.00
2103.30,11.60,1241.00,5201.00
2103.40,11.60,1234.00,5201.00
2103.50,11.60,1234.00,5201.00
2103.60,11.60,1234.00,5201.00
2103.70,11.60,1234.00,5201.00
2103.80,11.60,1234.00,5201.00
2103.90,11.60,1234.00,5201.00
2104.00,11.60,1238.00,5201.00
2104.10,11.60,1238.00,5201.00
2104.20,11.60,1238.00,5201.00
2104.30,11.60,1240.00,5201.00
2104.40,11.60,1240.00,5201.00
2104.50,11.60,1244.00,5201.00
2104.60,11.60,1244.00,5201.00
2104.70,11.60,1244.00,5201.00
2104.80,11.60,1247.00,5201.00
2104.90,11.70,1247.00,5201.00
2105.00,11.70,1247.00,5201.00
2105.10,11.70,1252.00,5201.00
2105.20,11.70,1252.00,5201.00
2105.30,11.70,1252.00,2331.00
2105.40,11.70,1257.00,2331.00
2105.50,11.70,1257.00,2331.00
2105.60,11.70,1257.00,2177.00
2105.70,11.70,1261.00,2177.00
2105.80,11.70,1261.00,2177.00
2105.90,11.60,1266.00,2149.00
2106.00,11.60,1266.00,2149.00
2106.10,11.60,1266.00,2149.00
2106.20,11.60,1269.00,2123.00
2106.30,11.60,1269.00,2123.00
2106.40,11.60,1269.00,2123.00
2106.50,11.60,1269.00,2127.00
2106.60,11.60,1269.00,2127.00
2106.70,11.60,1269.00,2130.00
2106.80,11.60,1269.00,2130.00
2106.90,11.80,1269.00,2130.00
2107.00,11.80,1269.00,2127.00
2107.10,11.80,1269.00,2127.00
2107.20,11.80,1269.00,2127.00
2107.30,11.80,1269.00,2123.00
2107.40,11.80,1269.00,2123.00
2107.50,11.80,1269.00,2123.00
2107.60,11.80,1262.00,2127.00
2107.70,11.80,1262.00,2127.00
373.30,12.80,660.00,1125.00
373.40,12.80,660.00,1125.00
373.50,12.80,660.00,1125.00
373.60,12.80,660.00,1125.00
373.70,12.80,660.00,1125.00
373.80,12.80,660.00,1125.00
373.90,12.80,660.00,1125.00
374.00,12.80,660.00,1125.00
374.10,12.80,660.00,1125.00
374.20,12.80,660.00,1125.00
374.30,12.50,660.00,1125.00
374.40,12.50,660.00,1125.00
374.50,12.50,660.00,1125.00
374.60,12.50,660.00,1125.00
374.70,12.50,660.00,1125.00
374.80,12.50,660.00,1125.00
374.90,12.50,660.00,1125.00
375.00,12.50,660.00,1125.00
375.10,12.50,661.00,1125.00
375.20,12.50,661.00,1125.00
375.30,12.40,661.00,1125.00
375.40,12.40,664.00,1121.00
375.50,12.40,664.00,1121.00
375.60,12.40,664.00,1114.00
375.70,12.40,680.00,1114.00
375.80,12.40,680.00,1114.00
375.90,12.40,680.00,1430.00
376.00,12.40,1088.00,1430.00
376.10,12.40,1088.00,1430.00
376.20,12.40,1093.00,1407.00
376.30,12.50,1093.00,1407.00
376.40,12.50,1093.00,1407.00
376.50,12.50,1097.00,1729.00
376.60,12.50,1097.00,1729.00
376.70,12.50,1097.00,1729.00
376.80,12.50,1102.00,1705.00
376.90,12.50,1102.00,1705.00
377.00,12.50,1102.00,1681.00
377.10,12.50,1107.00,1681.00
377.20,12.50,1107.00,1681.00
377.30,12.80,1107.00,2700.00
377.40,12.80,1111.00,2700.00
377.50,12.80,1111.00,2700.00
377.60,12.80,1112.00,1665.00
377.70,12.80,1112.00,1665.00
377.80,12.80,1112.00,1665.00
377.90,12.80,1112.00,2689.00
378.00,12.80,1112.00,2689.00
378.10,12.80,1112.00,2689.00
378.20,12.80,1112.00,1657.00
378.30,12.80,1112.00,1657.00
378.40,12.80,1112.00,1669.00
378.50,12.80,1112.00,1669.00
378.60,12.80,1112.00,1669.00
378.70,12.80,1112.00,2689.00
378.80,12.80,1113.00,2689.00
1783.90,12.70,1621.00,1999.00
1784.00,12.70,1621.00,1995.00
1784.10,12.70,1621.00,1995.00
1784.20,12.70,1621.00,1995.00
1784.30,12.70,1621.00,1998.00
1784.40,12.70,1808.00,1998.00
1784.50,12.70,1808.00,1998.00
1784.60,12.70,1618.00,1992.00
1784.70,12.70,1618.00,1992.00
1784.80,12.70,1618.00,1992.00
1784.90,12.70,1621.00,1998.00
1785.00,12.70,1621.00,1998.00
1785.10,12.70,1621.00,1998.00
1785.20,12.70,1624.00,1995.00
1785.30,12.70,1624.00,1995.00
1785.40,12.70,1624.00,2029.00
1785.50,12.70,1602.00,2029.00
1785.60,12.70,1602.00,2029.00
1785.70,12.70,1602.00,2059.00
1785.80,12.70,1620.00,2059.00
1785.90,12.40,1620.00,2059.00
1786.00,12.40,1830.00,2099.00
1786.10,12.40,1830.00,2099.00
1786.20,12.40,1830.00,2099.00
1786.30,12.40,1615.00,2127.00
1786.40,12.40,1615.00,2127.00
1786.50,12.40,1615.00,2127.00
1786.60,12.40,1866.00,2179.00
1786.70,12.40,1866.00,2179.00
1786.80,12.40,1866.00,2189.00
1786.90,12.60,1879.00,2189.00
1787.00,12.60,1879.00,2189.00
1787.10,12.60,1879.00,2229.00
1787.20,12.60,1894.00,2229.00
1787.30,12.60,1894.00,2229.00
1787.40,12.60,5201.00,2272.00
1787.50,12.60,5201.00,2272.00
1787.60,12.60,5201.00,2272.00
1787.70,12.60,1593.00,2328.00
1787.80,12.60,1593.00,2328.00
1787.90,12.70,1593.00,2328.00
1788.00,12.70,5201.00,2396.00
1788.10,12.70,5201.00,2396.00
1788.20,12.70,5201.00,2437.00
1788.30,12.70,5201.00,2437.00
1788.40,12.70,5201.00,2437.00
1788.50,12.70,5201.00,2620.00
1788.60,12.70,5201.00,2620.00
1788.70,12.70,5201.00,2620.00
1788.80,12.70,5201.00,2674.00
1788.90,12.60,5201.00,2674.00
1789.00,12.60,5201.00,2674.00
1789.10,12.60,5201.00,2648.00
1789.20,12.60,5201.00,2648.00
1789.30,12.60,5201.00,2648.00
1789.40,12.60,5201.00,2551.00
1789.50,12.60,5201.00,2551.00
1789.60,12.60,5201.00,2537.00
1789.70,12.60,5201.00,2537.00
1789.80,12.60,5201.00,2537.00
1789.90,12.70,5201.00,2541.00
1790.00,12.70,5201.00,2541.00
1790.10,12.70,5201.00,2541.00
1790.20,12.70,5201.00,2587.00
1790.30,12.70,5201.00,2587.00
1354.60,11.90,1460.00,378.00
1354.70,11.90,1460.00,378.00
1354.80,11.90,1471.00,369.00
1354.90,11.90,1471.00,369.00
1355.00,11.90,1471.00,369.00
1355.10,11.90,1470.00,380.00
1355.20,11.90,1470.00,380.00
1355.30,11.60,1470.00,377.00
1355.40,11.60,1471.00,377.00
1355.50,11.60,1471.00,377.00
1355.60,11.60,1471.00,380.00
1355.70,11.60,1470.00,380.00
1355.80,11.60,1470.00,380.00
1355.90,11.60,1474.00,385.00
1356.00,11.60,1474.00,385.00
1356.10,11.60,1474.00,385.00
1356.20,11.60,2183.00,409.00
1356.30,11.80,2183.00,409.00
1356.40,11.80,2183.00,409.00
1356.50,11.80,2182.00,438.00
1356.60,11.80,2182.00,438.00
1356.70,11.80,2182.00,471.00
1356.80,11.80,2199.00,471.00
1356.90,11.80,2199.00,471.00
1357.00,11.80,2199.00,514.00
1357.10,11.80,2216.00,514.00
1357.20,11.80,2216.00,514.00
1357.30,11.80,2221.00,560.00
1357.40,11.80,2221.00,560.00
1357.50,11.80,2221.00,560.00
1357.60,11.80,2228.00,569.00
1357.70,11.80,2228.00,569.00
1357.80,11.80,2228.00,569.00
1357.90,11.80,1838.00,591.00
1358.00,11.80,1838.00,591.00
1358.10,11.80,1838.00,616.00
1358.20,11.80,1844.00,616.00
1358.30,11.60,1844.00,616.00
1358.40,11.60,1844.00,651.00
1358.50,11.60,2029.00,651.00
1358.60,11.60,2029.00,651.00
1358.70,11.60,2061.00,2532.00
1358.80,11.60,2061.00,2532.00
1358.90,11.60,2061.00,2532.00
1359.00,11.60,2053.00,2522.00
1359.10,11.60,2053.00,2522.00
1359.20,11.60,2053.00,2522.00
1359.30,11.90,2060.00,691.00
1359.40,11.90,2060.00,691.00
1359.50,11.90,2060.00,694.00
1359.60,11.90,2060.00,694.00
1359.70,11.90,2060.00,694.00
1359.80,11.90,2060.00,698.00
1359.90,11.90,2092.00,698.00
1360.00,11.90,2092.00,698.00
1360.10,11.90,2067.00,2529.00
1360.20,11.90,2067.00,2529.00
1360.30,11.80,2067.00,2529.00
1360.40,11.80,2057.00,2526.00
1060.80,12.50,5201.00,3663.00
1060.90,12.50,5201.00,2610.00
1061.00,12.50,5201.00,2610.00
1061.10,12.50,5201.00,2607.00
1061.20,12.50,5201.00,2607.00
1061.30,12.50,5201.00,2607.00
1061.40,12.50,5201.00,2617.00
1061.50,12.50,5201.00,2617.00
1061.60,12.50,5201.00,2617.00
1061.70,12.50,5201.00,2584.00
1061.80,12.70,5201.00,2584.00
1061.90,12.70,5201.00,2584.00
1062.00,12.70,5201.00,2635.00
1062.10,12.70,5201.00,2635.00
1062.20,12.70,5201.00,2635.00
1062.30,12.70,5201.00,2560.00
1062.40,12.70,5201.00,2560.00
1062.50,12.70,5201.00,2674.00
1062.60,12.70,5201.00,2674.00
1062.70,12.70,5201.00,2674.00
1062.80,12.70,5201.00,1453.00
1062.90,12.70,1065.00,1453.00
1063.00,12.70,1065.00,1453.00
1063.10,12.70,1044.00,1448.00
1063.20,12.70,1044.00,1448.00
1063.30,12.70,1044.00,1448.00
1063.40,12.70,1036.00,1479.00
1063.50,12.70,1036.00,1479.00
1063.60,12.70,1036.00,1479.00
1063.70,12.70,1035.00,1517.00
1063.80,12.40,1035.00,1517.00
1063.90,12.40,1035.00,1554.00
1064.00,12.40,1036.00,1554.00
1064.10,12.40,1036.00,1554.00
1064.20,12.40,1036.00,1555.00
1064.30,12.40,1036.00,1555.00
1064.40,12.40,1036.00,1555.00
1064.50,12.40,1035.00,1559.00
1064.60,12.40,1035.00,1559.00
1064.70,12.40,1035.00,1559.00
1064.80,12.50,1036.00,1575.00
1064.90,12.50,1036.00,1575.00
1065.00,12.50,1036.00,1575.00
1065.10,12.50,1036.00,1576.00
1065.20,12.50,1036.00,1576.00
1065.30,12.50,1036.00,1548.00
1065.40,12.50,1035.00,1548.00
1065.50,12.50,1035.00,1548.00
1065.60,12.50,1035.00,1550.00
1065.70,12.50,1036.00,1550.00
1065.80,12.70,1036.00,1550.00
1065.90,12.70,1036.00,1552.00
1066.00,12.70,1036.00,1552.00
1066.10,12.70,1036.00,1552.00
1066.20,12.70,1029.00,1552.00
1066.30,12.70,1029.00,1552.00
1066.40,12.70,1029.00,1552.00
1066.50,12.70,1035.00,1550.00
1066.60,12.70,1035.00,1550.00
1066.70,12.70,1035.00,1550.00
201.50,11.80,1105.00,5201.00
201.60,11.80,1105.00,5201.00
201.70,11.80,1102.00,5201.00
201.80,12.00,1102.00,5201.00
201.90,12.00,1102.00,5201.00
202.00,12.00,1105.00,5201.00
202.10,12.00,1105.00,5201.00
202.20,12.00,1105.00,5201.00
202.30,12.00,1105.00,5201.00
202.40,12.00,1105.00,5201.00
202.50,12.00,1105.00,5201.00
202.60,12.00,1102.00,5201.00
202.70,12.00,1102.00,5201.00
202.80,11.70,1094.00,5201.00
202.90,11.70,1094.00,5201.00
203.00,11.70,1094.00,5201.00
203.10,11.70,1090.00,5201.00
203.20,11.70,1090.00,5201.00
203.30,11.70,1090.00,5201.00
203.40,11.70,1089.00,5201.00
203.50,11.70,1089.00,5201.00
203.60,11.70,1089.00,5201.00
203.70,11.70,1091.00,5201.00
203.80,11.70,1091.00,5201.00
203.90,11.70,1091.00,5201.00
204.00,11.70,1093.00,5201.00
204.10,11.70,1093.00,5201.00
204.20,11.70,1096.00,5201.00
204.30,11.70,1096.00,5201.00
204.40,11.70,1096.00,5201.00
204.50,11.70,1100.00,5201.00
204.60,11.70,1100.00,5201.00
204.70,11.70,1100.00,5201.00
204.80,11.70,1103.00,5201.00
204.90,11.70,1103.00,5201.00
205.00,11.70,1103.00,5201.00
205.10,11.70,1104.00,5201.00
205.20,11.70,1104.00,5201.00
205.30,11.70,1104.00,5201.00
205.40,11.70,1104.00,5201.00
205.50,11.70,1104.00,5201.00
205.60,11.70,1104.00,5201.00
205.70,11.70,1104.00,5201.00
205.80,12.00,1104.00,5201.00
205.90,12.00,1104.00,5201.00
206.00,12.00,1104.00,5201.00
206.10,12.00,1104.00,5201.00
206.20,12.00,1104.00,5201.00
206.30,12.00,1104.00,5201.00
921.20,12.70,1131.00,5201.00
921.30,12.70,1131.00,5201.00
921.40,12.70,1131.00,5201.00
921.50,12.70,1131.00,5201.00
921.60,12.70,1131.00,5201.00
921.70,12.70,1131.00,5201.00
921.80,12.70,1131.00,5201.00
921.90,12.70,1131.00,5201.00
922.00,12.70,1131.00,5201.00
922.10,12.70,1131.00,5201.00
922.20,12.70,1131.00,5201.00
922.30,12.70,1131.00,5201.00
922.40,12.70,1131.00,5201.00
922.50,12.70,1131.00,5201.00
922.60,12.70,1131.00,5201.00
922.70,12.70,1131.00,5201.00
922.80,12.50,1131.00,3451.00
922.90,12.50,1128.00,3451.00
923.00,12.50,1128.00,3451.00
923.10,12.50,831.00,5201.00
923.20,12.50,831.00,5201.00
923.30,12.50,831.00,5201.00
923.40,12.50,817.00,5201.00
923.50,12.50,817.00,5201.00
923.60,12.50,817.00,5201.00
923.70,12.50,814.00,5201.00
923.80,12.40,814.00,5201.00
923.90,12.40,814.00,206.00
924.00,12.40,815.00,206.00
924.10,12.40,815.00,206.00
924.20,12.40,815.00,1006.00
924.30,12.40,814.00,1006.00
924.40,12.40,814.00,1006.00
924.50,12.40,814.00,208.00
924.60,12.40,814.00,208.00
924.70,12.40,814.00,208.00
924.80,12.70,814.00,205.00
924.90,12.70,814.00,205.00
925.00,12.70,814.00,205.00
925.10,12.70,814.00,208.00
925.20,12.70,814.00,208.00
925.30,12.70,814.00,5201.00
925.40,12.70,813.00,5201.00
925.50,12.70,813.00,5201.00
925.60,12.70,813.00,208.00
925.70,12.70,813.00,208.00
925.80,12.50,813.00,208.00
925.90,12.50,813.00,5201.00
240.90,12.00,1104.00,5201.00
241.00,12.00,1104.00,5201.00
241.10,12.00,1104.00,5201.00
241.20,12.00,1104.00,5201.00
241.30,12.00,1104.00,5201.00
241.40,12.00,1104.00,5201.00
241.50,12.00,1104.00,5201.00
241.60,12.00,1104.00,5201.00
241.70,12.00,1104.00,5201.00
241.80,12.00,1104.00,5201.00
241.90,12.00,1104.00,5201.00
242.00,12.00,1103.00,5201.00
242.10,12.00,1103.00,5201.00
242.20,12.00,1103.00,5201.00
242.30,12.00,1102.00,5201.00
242.40,12.00,1102.00,5201.00
242.50,12.00,1102.00,5201.00
242.60,12.00,1100.00,5201.00
242.70,12.00,1100.00,5201.00
242.80,11.70,1100.00,5201.00
242.90,11.70,1097.00,5201.00
243.00,11.70,1097.00,5201.00
243.10,11.70,1097.00,5201.00
243.20,11.70,1095.00,5201.00
243.30,11.70,1095.00,5201.00
243.40,11.70,1097.00,5201.00
243.50,11.70,1097.00,5201.00
243.60,11.70,1097.00,5201.00
243.70,11.70,1092.00,3014.00
243.80,11.90,1092.00,3014.00
243.90,11.90,1092.00,3014.00
244.00,11.90,1091.00,3125.00
244.10,11.90,1091.00,3125.00
244.20,11.90,1091.00,5201.00
244.30,11.90,1090.00,5201.00
244.40,11.90,1090.00,5201.00
244.50,11.90,1090.00,5201.00
244.60,11.90,1090.00,5201.00
244.70,11.90,1090.00,5201.00
244.80,12.00,1090.00,5201.00
244.90,12.00,1090.00,5201.00
245.00,12.00,1090.00,5201.00
245.10,12.00,1090.00,5201.00
245.20,12.00,1090.00,5201.00
245.30,12.00,1090.00,5201.00
245.40,12.00,1090.00,5201.00
245.50,12.00,1090.00,5201.00
245.60,12.00,1090.00,5201.00
245.70,12.00,1090.00,5201.00
2283.40,12.30,5201.00,2077.00
2283.50,12.30,5201.00,2077.00
2283.60,12.30,5201.00,2077.00
2283.70,12.30,5201.00,2077.00
2283.80,12.50,5201.00,2077.00
2283.90,12.50,5201.00,2081.00
2284.00,12.50,5201.00,2081.00
2284.10,12.50,5201.00,2081.00
2284.20,12.50,5201.00,2080.00
2284.30,12.50,5201.00,2080.00
2284.40,12.50,5201.00,2080.00
2284.50,12.50,5201.00,2081.00
2284.60,12.50,5201.00,2081.00
2284.70,12.50,5201.00,2081.00
2284.80,12.20,3507.00,2070.00
2284.90,12.20,3507.00,2070.00
2285.00,12.20,3507.00,2033.00
2285.10,12.20,5201.00,2033.00
2285.20,12.20,5201.00,2033.00
2285.30,12.20,5201.00,1988.00
2285.40,12.20,3438.00,1988.00
2285.50,12.20,3438.00,1988.00
2285.60,12.20,1690.00,1907.00
2285.70,12.20,1690.00,1907.00
2285.80,12.30,1690.00,1907.00
2285.90,12.30,5201.00,1834.00
2286.00,12.30,5201.00,1834.00
2286.10,12.30,5201.00,1834.00
2286.20,12.30,5201.00,1774.00
2286.30,12.30,5201.00,1774.00
2286.40,12.30,5201.00,1704.00
2286.50,12.30,1701.00,1704.00
2286.60,12.30,1701.00,1704.00
2286.70,12.30,1701.00,1660.00
2286.80,12.30,1698.00,1660.00
2286.90,12.30,1698.00,1660.00
2287.00,12.30,3204.00,1614.00
2287.10,12.30,3204.00,1614.00
2287.20,12.30,3204.00,1614.00
2287.30,12.30,5201.00,1570.00
2287.40,12.30,5201.00,1570.00
2287.50,12.30,5201.00,1570.00
2287.60,12.30,5201.00,330.00
2287.70,12.30,5201.00,330.00
2287.80,12.30,5201.00,258.00
2287.90,12.30,5201.00,258.00
2288.00,12.30,5201.00,258.00
2288.10,12.30,5201.00,198.00
2288.20,12.30,1911.00,198.00
2288.30,12.30,1911.00,198.00
2288.40,12.30,1642.00,1789.00
2288.50,12.30,1642.00,1789.00
2288.60,12.30,1642.00,1789.00
2288.70,12.30,1639.00,1788.00
2288.80,12.10,1639.00,1788.00
2288.90,12.10,1639.00,1788.00
2289.00,12.10,1646.00,1788.00
2289.10,12.10,1646.00,1788.00
2289.20,12.10,1646.00,1787.00
2289.30,12.10,1642.00,1787.00
2289.40,12.10,1642.00,1787.00
2289.50,12.10,1642.00,1787.00
2289.60,12.10,1642.00,1787.00
1639.10,12.40,946.00,1462.00
1639.20,12.40,946.00,1462.00
1639.30,12.40,946.00,1462.00
1639.40,12.40,953.00,1453.00
1639.50,12.40,953.00,1453.00
1639.60,12.40,953.00,1453.00
1639.70,12.40,953.00,1462.00
1639.80,12.40,953.00,1462.00
1639.90,12.40,953.00,1460.00
1640.00,12.70,953.00,1460.00
1640.10,12.70,953.00,1460.00
1640.20,12.70,953.00,1459.00
1640.30,12.70,953.00,1459.00
1640.40,12.70,953.00,1459.00
1640.50,12.70,953.00,1457.00
1640.60,12.70,953.00,1457.00
1640.70,12.70,953.00,1457.00
1640.80,12.70,954.00,1421.00
1640.90,12.70,954.00,1421.00
1641.00,12.40,954.00,1421.00
1641.10,12.40,957.00,1412.00
1641.20,12.40,957.00,1412.00
1641.30,12.40,957.00,1389.00
1641.40,12.40,963.00,1389.00
1641.50,12.40,963.00,1389.00
1641.60,12.40,963.00,1340.00
1641.70,12.40,973.00,1340.00
1641.80,12.40,973.00,1340.00
1641.90,12.40,997.00,1265.00
1642.00,12.50,997.00,1265.00
1642.10,12.50,997.00,1265.00
1642.20,12.50,1017.00,1249.00
1642.30,12.50,1017.00,1249.00
1642.40,12.50,1017.00,1249.00
1642.50,12.50,1030.00,1293.00
1642.60,12.50,1030.00,1293.00
1642.70,12.50,1030.00,1269.00
1642.80,12.50,1008.00,1269.00
1642.90,12.50,1008.00,1269.00
1643.00,12.40,1008.00,1225.00
1643.10,12.40,1013.00,1225.00
1643.20,12.40,1013.00,1225.00
1643.30,12.40,1013.00,1233.00
1643.40,12.40,1013.00,1233.00
1643.50,12.40,1013.00,1233.00
1643.60,12.40,1018.00,1216.00
1643.70,12.40,1018.00,1216.00
1643.80,12.40,1018.00,1216.00
1643.90,12.40,5201.00,1203.00
1644.00,12.70,5201.00,1203.00
1644.10,12.70,5201.00,1199.00
1644.20,12.70,5201.00,1199.00
1644.30,12.70,5201.00,1199.00
1644.40,12.70,5201.00,1197.00
1644.50,12.70,5201.00,1197.00
1644.60,12.70,5201.00,1197.00
1644.70,12.70,5201.00,1200.00
1644.80,12.70,5201.00,1200.00
1644.90,12.70,5201.00,1200.00
1645.00,12.40,5201.00,1197.00
1645.10,12.40,5201.00,1197.00
1645.20,12.40,5201.00,1197.00
1645.30,12.40,5201.00,1197.00
1645.40,12.40,5201.00,1197.00
1265.20,12.40,1902.00,3286.00
1265.30,12.40,1902.00,3286.00
1265.40,12.40,1902.00,3273.00
1265.50,12.40,1902.00,3273.00
1265.60,12.40,1902.00,3273.00
1265.70,12.70,1902.00,3286.00
1265.80,12.70,1901.00,3286.00
1265.90,12.70,1901.00,3286.00
1266.00,12.70,1901.00,3282.00
1266.10,12.70,1901.00,3282.00
1266.20,12.70,1901.00,3282.00
1266.30,12.70,1901.00,3289.00
1266.40,12.70,1901.00,3289.00
1266.50,12.70,1901.00,3289.00
1266.60,12.70,1896.00,3280.00
1266.70,12.70,1896.00,3280.00
1266.80,12.70,1896.00,3319.00
1266.90,12.70,1905.00,3319.00
1267.00,12.70,1905.00,3319.00
1267.10,12.70,1905.00,3355.00
1267.20,12.70,1907.00,3355.00
1267.30,12.70,1907.00,3355.00
1267.40,12.70,3401.00,3383.00
1267.50,12.70,3401.00,3383.00
1267.60,12.70,3401.00,3383.00
1267.70,12.30,5201.00,3423.00
1267.80,12.30,5201.00,3423.00
1267.90,12.30,5201.00,3423.00
1268.00,12.30,1888.00,3452.00
1268.10,12.30,1888.00,3452.00
1268.20,12.30,1888.00,3500.00
1268.30,12.30,1892.00,3500.00
1268.40,12.30,1892.00,3500.00
1268.50,12.30,1892.00,3526.00
1268.60,12.30,2986.00,3526.00
1268.70,12.70,2986.00,3526.00
1268.80,12.70,1877.00,3572.00
1268.90,12.70,1877.00,3572.00
1269.00,12.70,1877.00,3572.00
1269.10,12.70,1883.00,3599.00
1269.20,12.70,1883.00,3599.00
1269.30,12.70,1883.00,3599.00
1269.40,12.70,2978.00,3187.00
1269.50,12.70,2978.00,3187.00
1269.60,12.70,2978.00,3199.00
1269.70,12.70,2985.00,3199.00
1269.80,12.70,2985.00,3199.00
1269.90,12.70,2985.00,3237.00
1270.00,12.70,2990.00,3237.00
1270.10,12.70,2990.00,3237.00
1270.20,12.70,2994.00,3263.00
1270.30,12.70,2994.00,3263.00
1270.40,12.70,2994.00,3263.00
1270.50,12.70,2994.00,3638.00
1270.60,12.70,2994.00,3638.00
1270.70,12.60,2994.00,3638.00
1270.80,12.60,2994.00,3266.00
1270.90,12.60,2994.00,3266.00
1271.00,12.60,2994.00,3267.00
1271.10,12.60,2988.00,3267.00
1271.20,12.60,2988.00,3267.00
1271.30,12.60,2988.00,3263.00
1271.40,12.60,2994.00,3263.00
1271.50,12.60,2994.00,3263.00
1271.60,12.60,2995.00,3266.00
2975.00,11.70,1349.00,5201.00
2975.10,11.70,1349.00,5201.00
2975.20,11.70,1349.00,5201.00
2975.30,11.70,1349.00,5201.00
2975.40,11.70,1349.00,5201.00
2975.50,11.70,1349.00,5201.00
2975.60,11.70,1349.00,5201.00
2975.70,11.70,1349.00,5201.00
2975.80,11.70,1349.00,5201.00
2975.90,11.70,1349.00,5201.00
2976.00,11.70,1349.00,5201.00
2976.10,11.70,1349.00,5201.00
2976.20,11.70,1349.00,5201.00
2976.30,11.70,1349.00,5201.00
2976.40,11.70,1352.00,2258.00
2976.50,11.70,1352.00,2258.00
2976.60,11.40,1352.00,2258.00
2976.70,11.40,1362.00,2201.00
2976.80,11.40,1362.00,2201.00
2976.90,11.40,1362.00,2201.00
2977.00,11.40,1373.00,2043.00
2977.10,11.40,1373.00,2043.00
2977.20,11.40,1373.00,2063.00
2977.30,11.40,1383.00,2063.00
2977.40,11.40,1383.00,2063.00
2977.50,11.40,1383.00,2024.00
2977.60,11.50,1392.00,2024.00
2977.70,11.50,1392.00,2024.00
2977.80,11.50,1400.00,1972.00
2977.90,11.50,1400.00,1972.00
2978.00,11.50,1400.00,1972.00
2978.10,11.50,1409.00,1898.00
2978.20,11.50,1409.00,1898.00
2978.30,11.50,1409.00,1898.00
2978.40,11.50,1416.00,1749.00
2978.50,11.50,1416.00,1749.00
2978.60,11.40,1416.00,5201.00
2978.70,11.40,1424.00,5201.00
2978.80,11.40,1424.00,5201.00
2978.90,11.40,1424.00,5201.00
2979.00,11.40,1431.00,5201.00
2979.10,11.40,1431.00,5201.00
2979.20,11.40,1437.00,5201.00
2979.30,11.40,1437.00,5201.00
2979.40,11.40,1437.00,5201.00
2979.50,11.40,1443.00,5201.00
2979.60,11.60,1443.00,5201.00
2979.70,11.60,1443.00,5201.00
2979.80,11.60,1445.00,5201.00
2979.90,11.60,1445.00,5201.00
2980.00,11.60,1445.00,5201.00
2980.10,11.60,1446.00,5201.00
2980.20,11.60,1446.00,5201.00
2980.30,11.60,1446.00,5201.00
2980.40,11.60,1446.00,5201.00
2980.50,11.60,1446.00,5201.00
2980.60,11.40,1446.00,5201.00
2980.70,11.40,1446.00,5201.00
2980.80,11.40,1446.00,5201.00
1725.70,11.80,1213.00,3432.00
1725.80,11.80,1213.00,3432.00
1725.90,11.80,1220.00,2320.00
1726.00,11.80,1220.00,2320.00
1726.10,11.80,1220.00,5201.00
1726.20,11.80,1216.00,5201.00
1726.30,11.80,1216.00,5201.00
1726.40,11.80,1216.00,5201.00
1726.50,11.80,1216.00,5201.00
1726.60,11.80,1216.00,5201.00
1726.70,11.80,1217.00,5201.00
1726.80,11.80,1217.00,5201.00
1726.90,11.80,1217.00,5201.00
1727.00,11.80,1223.00,2916.00
1727.10,11.80,1223.00,2916.00
1727.20,11.80,1223.00,2916.00
1727.30,11.80,5201.00,2185.00
1727.40,11.80,5201.00,2185.00
1727.50,11.80,5201.00,2155.00
1727.60,11.80,3426.00,2155.00
1727.70,11.80,3426.00,2155.00
1727.80,11.80,3426.00,2128.00
1727.90,11.80,5201.00,2128.00
1728.00,11.80,5201.00,2128.00
1728.10,11.60,5201.00,2108.00
1728.20,11.60,5201.00,2108.00
1728.30,11.60,5201.00,2108.00
1728.40,11.60,1260.00,2084.00
1728.50,11.60,1260.00,2084.00
1728.60,11.60,1260.00,2084.00
1728.70,11.60,1254.00,2063.00
1728.80,11.60,1254.00,2063.00
1728.90,11.60,1254.00,2130.00
1729.00,11.60,1258.00,2130.00
1729.10,11.60,1258.00,2130.00
1729.20,11.60,1258.00,2041.00
1729.30,11.60,1260.00,2041.00
1729.40,11.60,1260.00,2041.00
1729.50,11.60,1264.00,2092.00
1729.60,11.60,1264.00,2092.00
1729.70,11.60,1264.00,2092.00
1729.80,11.60,1269.00,2064.00
1729.90,11.60,1269.00,2064.00
1730.00,11.60,1269.00,2064.00
1730.10,11.60,1273.00,2041.00
1730.20,11.60,1273.00,2041.00
1730.30,11.60,1273.00,2029.00
1730.40,11.60,1280.00,2029.00
1730.50,11.60,1280.00,2029.00
1730.60,11.60,1280.00,2025.00
1730.70,11.60,1281.00,2025.00
1730.80,11.60,1281.00,2025.00
1730.90,11.60,1278.00,2026.00
1731.00,11.60,1278.00,2026.00
1731.10,11.80,1278.00,2026.00
1731.20,11.80,1281.00,2026.00
1731.30,11.80,1281.00,2026.00
1731.40,11.80,1281.00,2026.00
1731.50,11.80,1281.00,2029.00
1731.60,11.80,1281.00,2029.00
1731.70,11.80,1281.00,2026.00
1731.80,11.80,1277.00,2026.00
1731.90,11.80,1277.00,2026.00
1732.00,11.80,1277.00,2025.00
3228.30,11.70,1328.00,2589.00
3228.40,11.70,1328.00,2589.00
3228.50,11.70,1328.00,2589.00
3228.60,11.70,1324.00,2571.00
3228.70,11.70,1324.00,2571.00
3228.80,11.70,1324.00,2571.00
3228.90,11.70,1328.00,2589.00
3229.00,11.70,1328.00,2589.00
3229.10,11.70,1328.00,2589.00
3229.20,11.70,1329.00,2589.00
3229.30,11.70,1329.00,2589.00
3229.40,11.70,1329.00,5201.00
3229.50,11.50,1331.00,5201.00
3229.60,11.50,1331.00,5201.00
3229.70,11.50,1333.00,2427.00
3229.80,11.50,1333.00,2427.00
3229.90,11.50,1333.00,2427.00
3230.00,11.50,1344.00,2263.00
3230.10,11.50,1344.00,2263.00
3230.20,11.50,1344.00,2263.00
3230.30,11.50,1351.00,2220.00
3230.40,11.50,1351.00,2220.00
3230.50,11.40,1351.00,2142.00
3230.60,11.40,1363.00,2142.00
3230.70,11.40,1363.00,2142.00
3230.80,11.40,1363.00,2086.00
3230.90,11.40,1377.00,2086.00
3231.00,11.40,1377.00,2086.00
3231.10,11.40,1386.00,2113.00
3231.20,11.40,1386.00,2113.00
3231.30,11.40,1386.00,2113.00
3231.40,11.40,1402.00,2072.00
3231.50,11.40,1402.00,2072.00
3231.60,11.40,1402.00,2072.00
3231.70,11.40,1416.00,2022.00
3231.80,11.40,1416.00,2022.00
3231.90,11.40,1416.00,1981.00
3232.00,11.40,1426.00,1981.00
3232.10,11.40,1426.00,1981.00
3232.20,11.40,1426.00,5201.00
3232.30,11.40,1437.00,5201.00
3232.40,11.40,1437.00,5201.00
3232.50,11.70,1452.00,5201.00
3232.60,11.70,1452.00,5201.00
3232.70,11.70,1452.00,5201.00
3232.80,11.70,1447.00,5201.00
3232.90,11.70,1447.00,5201.00
3233.00,11.70,1447.00,5201.00
3233.10,11.70,1444.00,5201.00
3233.20,11.70,1444.00,5201.00
3233.30,11.70,1444.00,5201.00
3233.40,11.70,1444.00,5201.00
3233.50,11.70,1444.00,5201.00
3233.60,11.70,1444.00,5201.00
3233.70,11.70,1444.00,5201.00
3233.80,11.70,1444.00,5201.00
3233.90,11.70,1444.00,5201.00
3234.00,11.70,1444.00,5201.00
3234.10,11.70,1444.00,5201.00
2049.10,12.70,2479.00,3145.00
2049.20,12.30,2479.00,3145.00
2049.30,12.30,2479.00,3148.00
2049.40,12.30,2475.00,3148.00
2049.50,12.30,2475.00,3148.00
2049.60,12.30,2475.00,3148.00
2049.70,12.30,2475.00,3148.00
2049.80,12.30,2475.00,3148.00
2049.90,12.30,2475.00,3145.00
2050.00,12.30,2475.00,3145.00
2050.10,12.30,2475.00,3145.00
2050.20,12.50,2475.00,3145.00
2050.30,12.50,2475.00,3145.00
2050.40,12.50,2475.00,3145.00
2050.50,12.50,2474.00,3133.00
2050.60,12.50,2474.00,3133.00
2050.70,12.50,2474.00,2597.00
2050.80,12.50,1032.00,2597.00
2050.90,12.50,1032.00,2597.00
2051.00,12.50,1032.00,3048.00
2051.10,12.50,1023.00,3048.00
2051.20,12.40,1023.00,3048.00
2051.30,12.40,1005.00,3064.00
2051.40,12.40,1005.00,3064.00
2051.50,12.40,1005.00,3064.00
2051.60,12.40,1000.00,2539.00
2051.70,12.40,1000.00,2539.00
2051.80,12.40,1000.00,2539.00
2051.90,12.40,999.00,2959.00
2052.00,12.40,999.00,2959.00
2052.10,12.40,999.00,2494.00
2052.20,12.50,995.00,2494.00
2052.30,12.50,995.00,2494.00
2052.40,12.50,995.00,1630.00
2052.50,12.50,989.00,1630.00
2052.60,12.50,989.00,1630.00
2052.70,12.50,995.00,1624.00
2052.80,12.50,995.00,1624.00
2052.90,12.50,995.00,1624.00
2053.00,12.50,993.00,1623.00
2053.10,12.50,993.00,1623.00
2053.20,12.70,993.00,1623.00
2053.30,12.70,996.00,1621.00
2053.40,12.70,996.00,1621.00
2053.50,12.70,996.00,1620.00
2053.60,12.70,996.00,1620.00
2053.70,12.70,996.00,1620.00
2053.80,12.70,996.00,1621.00
2053.90,12.70,996.00,1621.00
1973.30,12.60,2275.00,2580.00
1973.40,12.60,2275.00,2580.00
1973.50,12.60,2276.00,2580.00
1973.60,12.60,2276.00,2580.00
1973.70,12.60,2276.00,2580.00
1973.80,12.60,2269.00,2576.00
1973.90,12.10,2269.00,2576.00
1974.00,12.10,2269.00,2576.00
1974.10,12.10,2276.00,2577.00
1974.20,12.10,2276.00,2577.00
1974.30,12.10,2276.00,2233.00
1974.40,12.10,2276.00,2233.00
1974.50,12.10,2276.00,2233.00
1974.60,12.10,2276.00,2228.00
1974.70,12.10,2276.00,2228.00
1974.80,12.10,2276.00,2228.00
1974.90,12.30,2287.00,2193.00
1975.00,12.30,2287.00,2193.00
1975.10,12.30,2287.00,2193.00
1975.20,12.30,1515.00,1297.00
1975.30,12.30,1515.00,1297.00
1975.40,12.30,1515.00,1297.00
1975.50,12.30,1511.00,1220.00
1975.60,12.30,1511.00,1220.00
1975.70,12.30,1511.00,2001.00
1975.80,12.30,1513.00,2001.00
1975.90,12.30,1513.00,2001.00
1976.00,12.30,1513.00,1935.00
1976.10,12.30,1520.00,1935.00
1976.20,12.30,1520.00,1935.00
1976.30,12.30,1529.00,1031.00
1976.40,12.30,1529.00,1031.00
1976.50,12.30,1529.00,1031.00
1976.60,12.30,1539.00,1822.00
1976.70,12.30,1539.00,1822.00
1976.80,12.30,1539.00,1822.00
1976.90,12.50,1549.00,1761.00
1977.00,12.50,1549.00,1761.00
1977.10,12.50,1549.00,849.00
1977.20,12.50,1560.00,849.00
1977.30,12.50,1560.00,849.00
1977.40,12.50,1560.00,793.00
1977.50,12.50,1574.00,793.00
1977.60,12.50,1574.00,793.00
1977.70,12.50,1583.00,758.00
1977.80,12.50,1583.00,758.00
1977.90,12.40,1583.00,758.00
1978.00,12.40,1580.00,5201.00
1978.10,12.40,1580.00,5201.00
1978.20,12.40,1580.00,5201.00
1978.30,12.40,1589.00,5201.00
1978.40,12.40,1589.00,5201.00
1978.50,12.40,1589.00,5201.00
1978.60,12.40,1589.00,5201.00
1978.70,12.40,1589.00,5201.00
1978.80,12.40,1589.00,5201.00
1978.90,12.60,1590.00,5201.00
1979.00,12.60,1590.00,5201.00
1979.10,12.60,1589.00,5201.00
1979.20,12.60,1589.00,5201.00
1979.30,12.60,1589.00,5201.00
2616.90,11.80,1414.00,1766.00
2617.00,11.80,1414.00,1788.00
2617.10,11.80,1414.00,1788.00
2617.20,11.80,1414.00,1788.00
2617.30,11.80,1407.00,1766.00
2617.40,11.80,1407.00,1766.00
2617.50,11.80,1407.00,1766.00
2617.60,11.80,1414.00,1766.00
2617.70,11.40,1414.00,1766.00
2617.80,11.40,1414.00,977.00
2617.90,11.40,1414.00,977.00
2618.00,11.40,1414.00,977.00
2618.10,11.40,1413.00,1766.00
2618.20,11.40,1413.00,1766.00
2618.30,11.40,1413.00,1766.00
2618.40,11.40,1405.00,1880.00
2618.50,11.40,1405.00,1880.00
2618.60,11.40,1405.00,1880.00
2618.70,11.70,1403.00,1918.00
2618.80,11.70,1403.00,1918.00
2618.90,11.70,1403.00,1957.00
2619.00,11.70,1398.00,1957.00
2619.10,11.70,1398.00,1957.00
2619.20,11.70,1398.00,1983.00
2619.30,11.70,1393.00,1983.00
2619.40,11.70,1393.00,1983.00
2619.50,11.70,1388.00,2013.00
2619.60,11.70,1388.00,2013.00
2619.70,11.70,1388.00,2013.00
2619.80,11.70,1383.00,2042.00
2619.90,11.70,1383.00,2042.00
2620.00,11.70,1383.00,2042.00
2620.10,11.70,1378.00,2066.00
2620.20,11.70,1378.00,2066.00
2620.30,11.70,1378.00,2075.00
2620.40,11.70,1376.00,2075.00
2620.50,11.70,1376.00,2075.00
2620.60,11.70,1376.00,2078.00
2620.70,11.10,1375.00,2078.00
2620.80,11.10,1375.00,2078.00
2620.90,11.10,1376.00,2081.00
2621.00,11.10,1376.00,2081.00
2621.10,11.10,1376.00,2081.00
2621.20,11.10,1375.00,2078.00
2621.30,11.10,1375.00,2078.00
2621.40,11.10,1375.00,2078.00
2621.50,11.10,1375.00,2074.00
2621.60,11.10,1375.00,2074.00
2621.70,11.80,1375.00,2074.00
